Type,Index,ItemSlot,SkillType,x,y,sirial,option,drop,Name,Model,level,DamMin,DamMax,Speed,Dur,MagicDur,MagicPW,NLvl,Str,Dex,Eng,Hea,Cha,技飘加己,孺付过荤,孺扁荤,夸沥,付八荤,促农肺靛,家券贱荤
0,0,0,0,1,2,1,1,1,波刃剑,Data\Item\Sword01.bmd,6,6,11,50,20,0,0,0,40,40,0,0,0,1,1,1,1,1,1,1
0,1,0,0,1,3,1,1,1,短剑,Data\Item\Sword02.bmd,3,3,7,20,22,0,0,0,60,0,0,0,0,1,1,1,1,1,1,1
0,2,0,0,1,3,1,1,1,西洋剑,Data\Item\Sword03.bmd,9,9,15,40,23,0,0,0,50,40,0,0,0,1,0,1,1,1,1,1
0,3,0,20,1,3,1,1,1,东洋刀,Data\Item\Sword04.bmd,16,16,26,35,27,0,0,0,80,40,0,0,0,1,0,1,0,1,1,0
0,4,0,21,1,3,1,1,1,暗杀者,Data\Item\Sword05.bmd,12,12,18,30,24,0,0,0,60,40,0,0,0,1,0,1,0,1,1,0
0,5,0,22,1,3,1,1,1,极光刀,Data\Item\Sword06.bmd,36,36,47,30,39,0,0,0,80,50,0,0,0,1,1,1,1,1,1,0
0,6,0,20,1,3,1,1,1,拉丁剑,Data\Item\Sword07.bmd,20,20,30,20,30,0,0,0,110,0,0,0,0,1,0,1,1,1,1,0
0,7,0,21,1,3,1,1,1,偃月刀,Data\Item\Sword08.bmd,24,24,34,25,34,0,0,0,120,0,0,0,0,1,0,1,0,1,1,0
0,8,0,21,1,3,1,1,1,巨蛇魔剑,Data\Item\Sword09.bmd,30,30,40,20,36,0,0,0,130,0,0,0,0,1,0,1,0,1,1,0
0,9,0,20,2,3,1,1,1,背叛者,Data\Item\Sword10.bmd,32,32,46,30,40,0,0,0,103,0,0,0,0,1,0,1,0,1,0,0
0,10,0,22,2,4,1,1,1,天行者,Data\Item\Sword11.bmd,40,47,61,25,50,0,0,0,80,60,0,0,0,1,0,1,1,1,0,0
0,11,0,20,2,3,1,1,1,传说之剑,Data\Item\Sword12.bmd,44,56,72,20,54,0,0,0,120,0,0,0,0,1,0,1,0,1,0,0
0,13,0,22,1,3,1,1,1,真红之剑,Data\Item\Sword13.bmd,48,48,56,30,43,0,0,0,70,70,0,0,0,1,0,1,1,1,0,0
0,12,0,19,2,3,1,1,1,太阳之剑,Data\Item\Sword14.bmd,56,73,98,25,66,0,0,0,140,0,0,0,0,1,0,1,0,1,0,0
0,14,0,22,1,3,1,1,1,雷神之剑,Data\Item\Sword15.bmd,59,59,67,30,50,0,0,0,90,50,0,0,0,1,0,1,1,1,0,0
0,15,0,23,2,3,1,1,1,帝王之剑,Data\Item\Sword16.bmd,52,60,85,20,60,0,0,0,140,0,0,0,0,1,0,1,0,1,0,0
0,16,0,22,1,4,1,1,1,破坏之剑,Data\Item\Sword17.bmd,82,82,90,35,84,0,0,0,160,60,0,0,0,1,0,1,0,1,0,0
0,17,0,23,2,4,1,1,1,屠龙刀,Data\Item\Sword18.bmd,104,128,153,40,89,0,0,0,180,50,0,0,0,1,0,2,0,0,0,0
0,18,0,23,2,3,1,1,1,奔雷剑,Data\Item\Sword19.bmd,105,140,168,40,86,0,0,0,180,50,0,0,0,1,0,0,0,1,0,0
0,19,0,22,1,4,1,1,0,大天使之剑,Data\Item\Sword20.bmd,86,120,130,35,168,0,0,0,140,50,0,0,0,0,0,1,0,1,1,0
0,31,0,56,2,4,1,1,1,天雷剑,Data\Item\Sword21.bmd,100,104,130,35,93,0,104,0,135,62,9,0,0,3,0,0,0,1,0,0
0,20,0,22,1,4,1,1,1,断月之光,Data\Item\Sword22.bmd,140,107,115,35,90,0,0,0,116,38,0,0,0,1,0,2,0,0,0,0
0,21,0,56,2,4,1,1,1,魔神剑,Data\Item\Sword23.bmd,140,115,142,40,100,0,115,0,116,53,9,0,0,1,0,0,0,1,0,0
0,22,0,22,1,4,1,1,1,龙骨巨晶剑,Data\Item\Sword24.bmd,145,122,135,40,95,0,0,380,100,35,0,0,0,0,0,2,0,0,0,0
0,23,0,56,2,4,1,1,1,傲天魔剑,Data\Item\Sword25.bmd,145,127,155,45,110,0,134,380,98,48,7,0,0,0,0,0,0,1,0,0
0,24,0,22,2,4,1,1,1,暴风锯齿,Data\Item\Sword26.bmd,115,182,218,40,90,0,0,0,192,30,0,0,0,0,0,2,0,0,0,0
0,25,0,56,2,4,1,1,1,烈火巨刃,Data\Item\Sword27.bmd,115,109,136,40,90,0,108,0,136,57,9,0,0,0,0,0,0,1,0,0
0,26,0,22,1,4,1,1,1,虚伪之剑,Data\Item\Sword28.bmd,130,106,117,40,90,0,0,380,1,1,0,0,0,0,0,2,0,0,0,0
0,27,0,22,1,4,1,1,1,杀戮之剑,Data\Item\Sword29.bmd,130,91,99,35,90,0,0,380,1,1,0,0,0,0,0,2,0,0,0,0
0,28,0,56,1,4,1,1,1,双子之剑,Data\Item\Sword30.bmd,130,98,122,45,90,0,109,380,1,1,1,0,0,0,0,0,0,1,0,0
,,//档尝幅,,,,,,,,,,,,,,,,,,,,,,,,,,,,
1,0,0,0,1,3,1,1,1,短斧,Data\Item\Axe01.bmd,1,1,6,20,18,0,0,0,50,0,0,0,0,1,1,1,1,1,1,1
1,1,0,0,1,3,1,1,1,手斧,Data\Item\Axe02.bmd,4,4,9,30,20,0,0,0,70,0,0,0,0,1,1,1,1,1,1,1
1,2,0,19,1,3,1,1,1,双刃斧,Data\Item\Axe03.bmd,14,14,24,20,26,0,0,0,90,0,0,0,0,1,0,1,0,1,1,0
1,3,0,19,1,3,1,1,1,飞翔斧,Data\Item\Axe04.bmd,18,18,28,30,28,0,0,0,100,0,0,0,0,1,0,1,0,1,1,0
1,4,0,0,1,3,1,1,1,精灵之斧,Data\Item\Axe05.bmd,26,26,38,40,32,0,0,0,50,70,0,0,0,1,1,0,1,1,0,1
1,5,0,19,2,3,1,1,1,战士之斧,Data\Item\Axe06.bmd,30,36,44,20,36,0,0,0,120,0,0,0,0,1,0,1,1,1,0,0
1,6,0,19,2,3,1,1,1,斗士之斧,Data\Item\Axe07.bmd,34,38,50,30,44,0,0,0,130,0,0,0,0,1,0,1,1,1,0,0
1,7,0,19,2,3,1,1,1,斗神之斧,Data\Item\Axe08.bmd,46,54,67,25,55,0,0,0,140,0,0,0,0,1,0,1,0,1,0,0
1,8,0,19,2,3,1,1,1,末日之斧,Data\Item\Axe09.bmd,54,69,89,30,65,0,0,0,100,40,0,0,0,1,1,1,0,1,0,0
,2,//敌扁幅,,,,,,,,,,,,,,,,,,,,,,,,,,,,
2,0,0,0,1,3,1,1,1,石槌,Data\Item\Mace01.bmd,7,7,13,15,21,0,0,0,100,0,0,0,0,1,0,1,0,1,1,0
2,1,0,19,1,3,1,1,1,流星槌,Data\Item\Mace02.bmd,13,13,22,15,25,0,0,0,100,0,0,0,0,1,0,1,0,1,1,0
2,2,0,0,1,3,1,1,1,破坏之槌,Data\Item\Mace03.bmd,22,22,32,15,32,0,0,0,80,50,0,0,0,1,0,1,0,1,1,0
2,3,0,19,2,3,1,1,1,白金之槌,Data\Item\Mace04.bmd,38,45,56,15,50,0,0,0,150,0,0,0,0,1,0,1,0,1,0,0
2,4,0,19,2,3,1,1,1,水晶流星,Data\Item\Mace05.bmd,66,78,107,30,72,0,0,0,130,0,0,0,0,1,1,1,1,1,0,0
2,5,0,23,2,4,1,1,1,玄冰剑,Data\Item\Mace06.bmd,72,89,120,40,76,0,0,0,130,70,0,0,0,1,1,1,1,1,0,0
2,6,0,23,2,4,1,1,0,玛雅龙斧,Data\Item\Mace07.bmd,75,102,130,35,80,0,0,0,140,50,0,0,0,0,0,1,0,1,0,0
2,7,0,0,1,3,1,1,1,精灵之槌,Data\Item\Mace08.bmd,90,62,80,50,50,0,0,0,15,42,0,0,0,1,0,0,2,0,0,0
2,8,0,66,1,3,1,1,1,战斗权杖,Data\Item\Mace09.bmd,54,41,52,45,40,0,3,0,80,17,0,0,0,1,0,0,0,0,1,0
2,9,0,66,1,3,1,1,1,征服权杖,Data\Item\Mace10.bmd,72,57,68,45,45,0,20,0,87,18,0,0,0,1,0,0,0,0,1,0
2,10,0,66,1,4,1,1,1,圣剑权杖,Data\Item\Mace11.bmd,82,74,85,45,65,0,35,0,100,21,0,0,0,1,0,0,0,0,1,0
2,11,0,66,1,4,1,1,1,王者权杖,Data\Item\Mace12.bmd,98,91,102,40,72,0,52,0,105,23,0,0,0,1,0,0,0,0,1,0
2,12,0,66,1,4,1,1,1,至尊权杖,Data\Item\Mace13.bmd,140,108,120,40,84,0,67,0,90,20,0,0,0,1,0,0,0,0,1,0
2,13,0,66,1,4,1,1,0,大天使绝对权杖,Data\Item\Mace14.bmd,150,120,143,40,90,0,78,0,75,16,0,0,0,1,0,0,0,0,1,0
2,//13,0,0,1,3,1,1,1,__夸沥皋捞胶,Data\Item\Mace15.bmd,0,0,0,0,0,0,0,0,0,0,0,0,0,1,0,0,2,0,0,0
2,14,0,66,1,4,1,1,1,圣尊天使权杖,Data\Item\Mace16.bmd,145,130,153,40,95,0,84,380,80,15,0,0,0,0,0,0,0,0,1,0
2,15,0,66,1,4,1,1,1,圣光权杖,Data\Item\Mace17.bmd,110,99,111,40,78,0,60,0,108,22,0,0,0,0,0,0,0,0,1,0
2,16,0,0,1,3,1,1,1,巨毒之刺,Data\Item\Mace18.bmd,120,106,146,50,80,0,0,380,1,1,0,0,0,1,0,0,2,0,0,0
2,17,0,66,1,4,1,1,1,独裁权杖,Data\Item\Mace19.bmd,135,114,132,40,90,0,72,380,1,1,0,0,0,0,0,0,0,0,1,0
2,//18,0,66,1,4,1,1,1,胶飘扼捞目剂磐,Data\Item\Mace20.bmd,145,112,124,40,86,0,70,0,87,20,0,0,0,0,0,0,0,0,1,0
,3,//芒幅,,,,,,,,,,,,,,,,,,,,,,,,,,,,
3,0,0,22,2,4,1,1,1,黑武士,Data\Item\Spear01.bmd,42,50,63,25,56,0,0,0,60,70,0,0,0,1,0,1,1,1,0,0
3,1,0,0,2,4,1,1,1,鹤嘴矛,Data\Item\Spear02.bmd,23,30,41,30,42,0,0,0,70,50,0,0,0,1,0,1,1,1,0,0
3,2,0,0,2,4,1,1,1,战矛,Data\Item\Spear03.bmd,15,21,33,30,34,0,0,0,70,50,0,0,0,1,0,1,1,1,0,0
3,3,0,0,2,4,1,1,1,双鹤矛,Data\Item\Spear04.bmd,29,35,43,25,44,0,0,0,90,30,0,0,0,1,0,1,1,1,0,0
3,4,0,20,2,4,1,1,1,巨蛇镰刀,Data\Item\Spear05.bmd,46,58,80,20,58,0,0,0,90,30,0,0,0,1,0,1,1,1,0,0
3,5,0,0,2,4,1,1,1,双刃矛,Data\Item\Spear06.bmd,13,19,31,30,38,0,0,0,70,50,0,0,0,1,0,1,1,1,0,0
3,6,0,0,2,4,1,1,1,斧刃矛,Data\Item\Spear07.bmd,19,25,35,30,40,0,0,0,70,50,0,0,0,1,0,1,1,1,0,0
3,7,0,22,2,4,1,1,1,巴迪之矛,Data\Item\Spear08.bmd,37,42,54,30,54,0,0,0,80,50,0,0,0,1,0,1,1,1,0,0
3,8,0,22,2,4,1,1,1,帝王镰刀,Data\Item\Spear09.bmd,54,71,92,25,68,0,0,0,90,50,0,0,0,1,0,1,1,1,0,0
3,9,0,22,2,4,1,1,1,死神镰刀,Data\Item\Spear10.bmd,63,76,102,25,74,0,0,0,80,50,0,0,0,1,0,1,1,1,0,0
3,10,0,22,2,4,1,1,1,青龙刀,Data\Item\Spear11.bmd,92,112,140,35,85,0,0,0,170,60,0,0,0,1,0,2,0,0,0,0
,//11,0,22,2,4,1,1,1,宏肺官,Data\Item\Spear12.bmd,145,190,226,40,90,0,0,0,152,25,0,0,0,1,0,2,0,1,0,0
,4,//劝/籍泵幅,,,,,,,,,,,,,,,,,,,,,,,,,,,,
4,0,1,24,2,3,1,1,1,短弓,Data\Item\Bow01.bmd,2,3,5,30,20,0,0,0,20,80,0,0,0,2,0,0,1,0,0,0
4,1,1,24,2,3,1,1,1,长弓,Data\Item\Bow02.bmd,8,9,13,30,24,0,0,0,30,90,0,0,0,2,0,0,1,0,0,0
4,2,1,24,2,3,1,1,1,精灵之弓,Data\Item\Bow03.bmd,16,17,24,30,28,0,0,0,30,90,0,0,0,2,0,0,1,0,0,0
4,3,1,24,2,3,1,1,1,巴特之弓,Data\Item\Bow04.bmd,26,28,37,30,36,0,0,0,30,90,0,0,0,2,0,0,1,0,0,0
4,4,1,24,2,4,1,1,1,黄金之虎,Data\Item\Bow05.bmd,40,42,52,30,43,0,0,0,30,100,0,0,0,2,0,0,1,0,0,0
4,5,1,24,2,4,1,1,1,银翼之弓,Data\Item\Bow06.bmd,56,59,71,40,48,0,0,0,30,100,0,0,0,2,0,0,1,0,0,0
4,6,1,24,2,4,1,1,0,玛雅神弓,Data\Item\Bow07.bmd,75,88,106,35,68,0,0,0,40,150,0,0,0,0,0,0,1,0,0,0
4,7,1,0,1,1,0,0,0,弩箭,Data\Item\Arrows01.bmd,0,0,0,0,255,0,0,0,0,0,0,0,0,0,0,0,1,0,0,0
4,8,0,24,2,2,1,1,1,石弩,Data\Item\CrossBow01.bmd,4,5,8,40,22,0,0,0,20,90,0,0,0,2,0,0,1,0,0,0
4,9,0,24,2,2,1,1,1,黄金石弩,Data\Item\CrossBow02.bmd,12,13,19,40,26,0,0,0,30,90,0,0,0,2,0,0,1,0,0,0
4,10,0,24,2,2,1,1,1,火神弩,Data\Item\CrossBow03.bmd,20,22,30,40,31,0,0,0,30,90,0,0,0,2,0,0,1,0,0,0
4,11,0,24,2,3,1,1,1,巨人弩,Data\Item\CrossBow04.bmd,32,35,44,40,40,0,0,0,30,90,0,0,0,2,0,0,1,0,0,0
4,12,0,24,2,3,1,1,1,诱惑之弩,Data\Item\CrossBow05.bmd,48,50,61,40,45,0,0,0,30,100,0,0,0,2,0,0,1,0,0,0
4,13,0,24,2,3,1,1,1,蓝翎弩,Data\Item\CrossBow06.bmd,68,68,82,40,56,0,0,0,40,110,0,0,0,2,0,0,1,0,0,0
4,14,0,24,2,3,1,1,1,温蒂妮,Data\Item\CrossBow07.bmd,72,78,92,30,60,0,0,0,50,130,0,0,0,2,0,0,1,0,0,0
4,15,0,0,1,1,0,0,0,弓箭,Data\Item\Arrows02.bmd,0,0,0,0,255,0,0,0,0,0,0,0,0,0,0,0,1,0,0,0
4,16,0,24,2,4,1,1,1,圣者之弩,Data\Item\Sword17.bmd,84,102,127,35,72,0,0,0,50,160,0,0,0,2,0,0,1,0,0,0
4,17,1,24,2,4,1,1,1,圣灵之弓,Data\Item\Sword18.bmd,92,127,155,35,76,0,0,0,54,198,0,0,0,2,0,0,2,0,0,0
4,18,0,24,2,3,1,1,0,大天使之弩,Data\Item\Sword19.bmd,100,144,166,35,200,0,0,0,40,110,0,0,0,0,0,0,1,0,0,0
4,19,0,24,2,3,1,1,1,追月神弩,Data\Item\Sword20.bmd,100,150,172,40,80,0,0,0,61,285,0,0,0,2,0,0,2,0,0,0
4,20,1,24,2,4,1,1,1,红羽神弓,Data\Item\Sword21.bmd,135,166,190,45,86,0,0,0,52,245,0,0,0,2,0,0,2,0,0,0
4,21,1,24,2,4,1,1,1,紫焰之弓,Data\Item\Sword22.bmd,145,177,200,45,93,0,0,380,46,210,0,0,0,0,0,0,2,0,0,0
4,22,1,24,2,4,1,1,1,碧影魔弓,Data\Item\Sword23.bmd,110,155,177,45,70,0,0,0,60,265,0,0,0,0,0,0,2,0,0,0
4,23,1,24,2,4,1,1,1,神羽之弓,Data\Item\Sword24.bmd,134,162,184,45,80,0,0,380,1,1,0,0,0,2,0,0,2,0,0,0
4,//24,1,24,2,4,1,1,1,俊绢赴焊快,Data\Item\Sword25.bmd,145,170,194,45,88,0,0,0,49,226,0,0,0,2,0,0,2,0,0,0
,5,//瘤莆捞幅,,,,,,,,,,,,,,,,,,,,,,,,,,,,
5,0,0,0,1,3,1,1,1,骷髅杖,Data\Item\Staff01.bmd,6,3,4,20,0,20,6,0,40,0,0,0,0,3,1,0,0,1,0,1
5,1,0,0,2,3,1,1,1,天使杖,Data\Item\Staff02.bmd,18,10,12,25,0,38,20,0,50,0,0,0,0,3,1,0,0,1,0,0
5,2,0,0,2,3,1,1,1,毒蛇杖,Data\Item\Staff03.bmd,30,17,18,25,0,50,34,0,50,0,0,0,0,3,1,0,0,1,0,0
5,3,0,0,2,4,1,1,1,闪电杖,Data\Item\Staff04.bmd,42,23,25,25,0,60,46,0,40,10,0,0,0,3,1,0,0,1,0,0
5,4,0,0,2,4,1,1,1,戈登之杖,Data\Item\Staff05.bmd,52,29,32,25,0,65,58,0,50,0,0,0,0,3,1,0,0,1,0,0
5,5,0,0,1,4,1,1,1,传说之杖,Data\Item\Staff06.bmd,59,29,31,25,0,66,59,0,50,0,0,0,0,3,1,0,0,1,0,0
5,6,0,0,1,4,1,1,1,复活之杖,Data\Item\Staff07.bmd,70,35,39,25,0,70,70,0,60,10,0,0,0,3,1,0,0,1,0,0
5,7,0,0,2,4,1,1,0,玛雅雷杖,Data\Item\Staff08.bmd,75,47,48,30,0,70,94,0,60,10,0,0,0,0,1,0,0,1,0,0
5,8,0,0,2,4,1,1,1,毁灭之杖,Data\Item\Staff09.bmd,90,50,54,30,0,85,101,0,60,10,0,0,0,3,1,0,0,1,0,0
5,9,0,0,1,4,1,1,1,麒麟之杖,Data\Item\Staff10.bmd,100,46,48,30,0,91,92,0,52,16,0,0,0,3,2,0,0,0,0,0
5,10,0,0,1,4,1,1,0,大天使之杖,Data\Item\Staff11.bmd,104,53,55,20,0,182,106,0,36,4,0,0,0,0,1,0,0,1,0,1
5,11,0,0,1,4,1,1,1,昆顿之杖,Data\Item\Staff12.bmd,140,55,61,30,0,95,110,0,45,16,0,0,0,0,2,0,0,1,0,0
5,12,0,0,1,4,1,1,1,死神之杖,Data\Item\Staff13.bmd,145,66,74,30,0,100,130,380,39,13,0,0,0,0,2,0,0,0,0,0
5,13,0,0,1,4,1,1,1,幻月雷杖,Data\Item\Staff14.bmd,110,51,53,30,0,78,120,0,50,16,0,0,0,0,2,0,0,0,0,0
5,14,0,0,1,4,1,1,1,迷之杖,Data\Item\Staff15.bmd,28,17,18,25,0,50,34,0,34,14,0,0,0,0,0,0,0,0,0,1
5,15,0,0,1,4,1,1,1,飓风之杖,Data\Item\Staff16.bmd,42,23,25,25,0,60,46,0,33,17,0,0,0,0,0,0,0,0,0,1
5,16,0,0,1,4,1,1,1,红翼之杖,Data\Item\Staff17.bmd,59,29,31,25,0,65,59,0,36,14,0,0,0,0,0,0,0,0,0,1
5,17,0,0,1,4,1,1,1,远古之杖,Data\Item\Staff18.bmd,78,38,40,25,0,81,76,0,50,19,0,0,0,0,0,0,0,0,0,1
5,18,0,0,1,4,1,1,1,魔灵之杖,Data\Item\Staff19.bmd,100,46,48,30,0,91,92,0,54,15,0,0,0,0,0,0,0,0,0,2
5,19,0,0,1,4,1,1,0,石英之杖,Data\Item\Staff20.bmd,110,51,53,30,0,95,110,380,64,15,0,0,0,0,0,0,0,0,0,2
5,20,0,0,1,4,1,1,0,黑暗之杖,Data\Item\Staff21.bmd,145,66,74,30,0,100,130,0,39,13,0,0,0,0,0,0,0,0,0,2
5,21,1,223,1,2,1,1,1,火龙兽之书,Data\Item\Staff22.bmd,52,0,0,25,0,60,46,0,0,20,135,0,0,0,0,0,0,0,0,1
5,22,1,224,1,2,1,1,1,异灵之书,Data\Item\Staff23.bmd,59,0,0,25,0,65,59,0,0,25,168,0,0,0,0,0,0,0,0,1
5,23,1,225,1,2,1,1,1,污灵之书,Data\Item\Staff24.bmd,65,0,0,25,0,50,72,0,0,30,201,0,0,0,0,0,0,0,0,1
5,//24,1,0,1,2,1,1,0,揪胶狼辑,Data\Item\Staff25.bmd,70,0,0,0,0,50,92,0,0,0,65,0,0,0,0,0,0,0,0,1
5,//25,1,0,1,2,1,1,0,单官福狼辑,Data\Item\Staff26.bmd,75,0,0,0,0,50,106,0,0,0,70,0,0,0,0,0,0,0,0,1
5,//26,1,0,1,2,1,1,0,皋赴蠢狼辑,Data\Item\Staff27.bmd,80,0,0,0,0,50,110,0,0,0,75,0,0,0,0,0,0,0,0,1
5,//27,1,0,1,2,1,1,0,海福矫狼辑,Data\Item\Staff28.bmd,100,0,0,0,0,50,130,0,0,0,80,0,0,0,0,0,0,0,0,1
5,//28,1,0,1,2,1,1,0,傀牢令狼辑,Data\Item\Staff29.bmd,105,0,0,0,0,50,140,0,0,0,85,0,0,0,0,0,0,0,0,1
5,//29,1,0,1,2,1,1,0,膏单扼荤狼辑,Data\Item\Staff30.bmd,110,0,0,0,0,50,150,380,0,0,90,0,0,0,0,0,0,0,0,1
5,30,0,0,1,4,1,1,1,致命魔杖,Data\Item\Staff31.bmd,135,57,59,30,0,91,126,380,1,1,0,0,0,3,0,0,0,1,0,0
5,31,0,0,1,4,1,1,1,魔狱之杖,Data\Item\Staff32.bmd,135,57,61,30,0,182,124,380,1,1,0,0,0,0,2,0,0,0,0,0
5,32,0,0,1,4,1,1,1,死灵之杖,Data\Item\Staff33.bmd,135,59,64,30,0,95,120,380,1,1,0,0,0,0,2,0,0,0,0,2
5,//33,0,0,1,4,1,1,1,农肺付平胶怕橇,Data\Item\Staff34.bmd,145,55,57,30,0,78,124,0,50,12,0,0,0,0,2,0,1,0,0,0
5,//34,0,0,1,4,1,1,1,饭捞红胶平,Data\Item\Staff35.bmd,145,70,78,30,0,98,130,0,50,14,0,0,0,0,0,0,0,0,0,2
,Index,ItemSlot,SkillType,x,y,sirial,option,drop,Level,,Defence,MagDef,Dur,NeedLevel,Str,Dex,Eng,Hea,Cha,技飘加己,孺付过荤,孺扁荤,夸沥,付八荤,促农肺靛,家券贱荤,,,,
,6,//规菩幅,,,,,,,,,,,,,,,,,,,,,,,,,,,,
6,0,1,0,2,2,1,1,1,圆盾,Data\Item\Shield01.bmd,3,1,3,22,0,70,0,0,0,0,4,1,1,1,1,1,0,,,
6,1,1,0,2,2,1,1,1,战士之盾,Data\Item\Shield02.bmd,9,3,9,28,0,100,0,0,0,0,4,0,1,0,1,1,0,,,
6,2,1,0,2,2,1,1,1,风之盾,Data\Item\Shield03.bmd,12,4,12,32,0,110,0,0,0,0,4,0,1,0,1,1,0,,,
6,3,1,0,2,2,1,1,1,魔法之盾,Data\Item\Shield04.bmd,21,8,21,36,0,30,100,0,0,0,4,0,0,1,0,0,0,,,
6,4,1,18,2,2,1,1,1,钢铁之盾,Data\Item\Shield05.bmd,6,2,6,24,0,80,0,0,0,0,4,1,1,1,1,1,0,,,
6,5,1,18,2,2,1,1,1,龙之盾,Data\Item\Shield06.bmd,35,10,36,44,0,100,40,0,0,0,4,0,1,0,1,1,0
6,6,1,18,2,2,1,1,1,骷髅之盾,Data\Item\Shield07.bmd,15,5,15,34,0,110,0,0,0,0,4,1,1,1,1,1,0
6,7,1,18,2,2,1,1,1,尖刺之盾,Data\Item\Shield08.bmd,30,9,30,40,0,130,0,0,0,0,4,0,1,0,1,1,0
6,8,1,18,2,2,1,1,1,失落之盾,Data\Item\Shield09.bmd,40,11,40,46,0,130,0,0,0,0,4,0,1,1,1,1,0
6,9,1,18,2,2,1,1,1,远古之盾,Data\Item\Shield10.bmd,25,8,25,38,0,120,0,0,0,0,4,0,1,0,1,1,0
6,10,1,18,2,2,1,1,1,自由之盾,Data\Item\Shield11.bmd,18,6,18,35,0,120,0,0,0,0,4,0,1,0,1,1,0
6,11,1,18,2,2,1,1,1,毒蛇之盾,Data\Item\Shield12.bmd,45,12,45,48,0,130,0,0,0,0,4,0,1,1,1,1,0
6,12,1,18,2,2,1,1,1,布朗司,Data\Item\Shield13.bmd,54,13,54,52,0,140,0,0,0,0,4,0,1,0,1,0,0
6,13,1,18,2,2,1,1,1,火龙之盾,Data\Item\Shield14.bmd,60,14,60,60,0,120,40,0,0,0,4,0,1,0,1,0,0
6,14,1,0,2,3,1,1,1,传说之盾,Data\Item\Shield15.bmd,48,7,48,50,0,90,25,0,0,0,4,1,0,1,1,0,0
6,15,1,0,2,3,1,1,1,麒麟之盾,Data\Item\Shield16.bmd,74,12,55,55,0,70,23,0,0,0,4,2,0,0,0,0,0
6,16,1,0,2,2,1,1,1,精灵之盾,Data\Item\Shield17.bmd,66,11,28,51,0,30,60,30,0,0,4,0,0,2,0,0,0
6,17,1,18,2,2,1,1,1,荣誉之盾,Data\Item\Shield18.bmd,122,19,90,51,380,1,1,0,0,0,4,0,2,0,0,0,0
6,18,1,18,2,2,1,1,1,火蛇之盾,Data\Item\Shield19.bmd,120,20,96,51,380,1,1,0,0,0,4,0,0,0,1,0,0
6,19,1,18,2,2,1,1,1,寒冰之盾,Data\Item\Shield20.bmd,120,14,58,51,380,1,1,1,0,0,4,0,0,2,0,0,0
6,20,1,18,2,2,1,1,1,亡魂之盾,Data\Item\Shield21.bmd,125,12,30,51,380,1,1,0,0,0,4,2,0,0,0,0,0
6,//21,1,18,2,2,1,1,1,农肺胶角靛,Data\Item\Shield22.bmd,70,16,75,65,0,1,1,0,0,0,4,0,0,0,0,1,0
,Index,ItemSlot,SkillType,x,y,sirial,option,drop,Level,,Defence,MagDef,Dur,NeedLevel,Str,Dex,Eng,Hea,Cha,技飘加己,孺付过荤,孺扁荤,夸沥,付八荤,促农肺靛,家券贱荤,
,7,//捧备幅,,,,,,,,,,,,,,,,,,,,,,,,,
7,0,2,0,2,2,1,1,1,青铜盔,Data\Player\HelmMale01.bmd,16,9,0,34,0,80,20,0,0,0,4,0,1,0,0,1,0
7,1,2,0,2,2,1,1,1,龙王之盔,Data\Player\HelmMale02.bmd,57,24,0,68,0,120,30,0,0,0,4,0,1,0,0,0,0
7,2,2,0,2,2,1,1,1,革盔,Data\Player\HelmMale03.bmd,5,4,0,28,0,20,0,0,0,0,4,1,0,0,0,0,0
7,3,2,0,2,2,1,1,1,传说之盔,Data\Player\HelmMale04.bmd,50,18,0,42,0,30,0,0,0,0,4,1,0,0,0,0,0
7,4,2,0,2,2,1,1,1,骷髅头盔,Data\Player\HelmMale05.bmd,18,9,0,30,0,30,0,0,0,0,4,1,0,0,0,0,0
7,5,2,0,2,2,1,1,1,皮盔,Data\Player\HelmMale06.bmd,6,5,0,30,0,80,0,0,0,0,4,0,1,0,0,1,0
7,6,2,0,2,2,1,1,1,翡翠盔,Data\Player\HelmMale07.bmd,26,12,0,40,0,110,0,0,0,0,4,0,1,0,0,1,0
7,7,2,0,2,2,1,1,1,魔王之盔,Data\Player\HelmMale08.bmd,32,13,0,36,0,30,0,0,0,0,4,1,0,0,0,0,0
7,8,2,0,2,2,1,1,1,黄金盔,Data\Player\HelmMale09.bmd,36,17,0,44,0,100,30,0,0,0,4,0,1,0,0,0,0
7,9,2,0,2,2,1,1,1,白金盔,Data\Player\HelmMale10.bmd,46,20,0,50,0,130,0,0,0,0,4,0,1,0,0,0,0
7,10,2,0,2,2,1,1,1,藤盔,Data\Player\HelmElf01.bmd,6,4,0,22,0,30,60,0,0,0,4,0,0,1,0,0,0
7,11,2,0,2,2,1,1,1,天蚕之盔,Data\Player\HelmElf02.bmd,16,8,0,26,0,30,70,0,0,0,4,0,0,1,0,0,0
7,12,2,0,2,2,1,1,1,风之盔,Data\Player\HelmElf03.bmd,28,12,0,32,0,30,80,0,0,0,4,0,0,1,0,0,0
7,13,2,0,2,2,1,1,1,精灵之盔,Data\Player\HelmElf04.bmd,40,16,0,38,0,40,80,0,0,0,4,0,0,1,0,0,0
7,14,2,0,2,2,1,1,1,女神之盔,Data\Player\HelmElf05.bmd,53,23,0,45,0,40,80,0,0,0,4,0,0,1,0,0,0
7,//15,2,0,2,2,1,1,1,__酒撇鄂胶,Data\Player\HelmMale16.bmd,53,23,0,45,0,40,80,0,0,0,4,0,0,1,0,0,0
7,16,2,0,2,2,1,1,1,黑龙王之盔,Data\Player\HelmMale17.bmd,82,30,0,74,0,170,60,0,0,0,4,0,1,0,0,0,0
7,17,2,0,2,2,1,1,1,黑凤凰之盔,Data\Player\HelmMale18.bmd,92,43,0,80,0,205,62,0,0,0,4,0,2,0,0,0,0
7,18,2,0,2,2,1,1,1,火麒麟之盔,Data\Player\HelmMale19.bmd,81,27,0,67,0,59,20,0,0,0,4,2,0,0,0,0,0
7,19,2,0,2,2,1,1,1,圣灵之盔,Data\Player\HelmMale20.bmd,85,37,0,74,0,50,110,0,0,0,4,0,0,2,0,0,0
7,21,2,0,2,2,1,1,1,龙炎之盔,Data\Player\HelmMale21.bmd,104,53,0,86,0,200,58,0,0,0,4,0,2,0,0,0,0
7,22,2,0,2,2,1,1,1,黑炎之盔,Data\Player\HelmMale22.bmd,110,36,0,75,0,55,18,0,0,0,4,2,0,0,0,0,0
7,24,2,0,2,2,1,1,1,红羽之盔,Data\Player\HelmMale23.bmd,93,46,0,80,0,52,115,0,0,0,4,0,0,2,0,0,0
7,25,2,0,2,2,1,1,1,圣元之盔,Data\Player\HelmMale24.bmd,46,20,0,42,0,70,20,0,0,0,4,0,0,0,0,1,0
7,26,2,0,2,2,1,1,1,圣魂之盔,Data\Player\HelmMale25.bmd,66,24,0,56,0,77,21,0,0,0,4,0,0,0,0,1,0
7,27,2,0,2,2,1,1,1,神圣之盔,Data\Player\HelmMale26.bmd,86,26,0,70,0,84,22,0,0,0,4,0,0,0,0,1,0
7,28,2,0,2,2,1,1,1,至尊之盔,Data\Player\HelmMale27.bmd,106,34,0,78,0,80,21,0,0,0,4,0,0,0,0,1,0
7,29,2,0,2,2,1,1,1,暗黑斗神之盔,Data\Player\HelmMale28.bmd,130,66,0,90,380,170,60,0,0,0,0,0,2,0,0,0,0
7,30,2,0,2,2,1,1,1,法魂玄灵之盔,Data\Player\HelmMale29.bmd,126,48,0,86,380,44,15,0,0,0,0,2,0,0,0,0,0
7,31,2,0,2,2,1,1,1,紫灵之盔,Data\Player\HelmMale30.bmd,126,57,0,86,380,38,80,0,0,0,0,0,0,2,0,0,0
7,//32,2,0,2,2,1,1,1,__杭纳捞畴,Data\Player\HelmMale31.bmd,126,57,0,86,380,38,80,0,0,0,0,0,0,2,0,0,0
7,33,2,0,2,2,1,1,1,宙斯之盔,Data\Player\HelmMale32.bmd,130,46,0,82,380,62,16,0,0,0,0,0,0,0,0,1,0
7,34,2,0,2,2,1,1,1,暴风之盔,Data\Player\HelmMale33.bmd,67,27,0,72,0,160,50,0,0,0,0,0,1,0,0,0,0
7,35,2,0,2,2,1,1,1,幻月之盔,Data\Player\HelmMale34.bmd,67,22,0,54,0,53,12,0,0,0,0,1,0,0,0,0,0
7,36,2,0,2,2,1,1,1,碧影之盔,Data\Player\HelmMale35.bmd,67,30,0,59,0,50,70,0,0,0,0,0,0,1,0,0,0
7,38,2,0,2,2,1,1,1,圣光之盔,Data\Player\HelmMale36.bmd,97,30,0,74,0,80,21,0,0,0,0,0,0,0,0,1,0
7,39,2,0,2,2,1,1,1,飓风之盔,Data\Player\HelmMale37.bmd,28,13,0,36,0,31,0,0,0,0,4,0,0,0,0,0,1
7,40,2,0,2,2,1,1,1,红翼之盔,Data\Player\HelmMale38.bmd,50,18,0,42,0,26,4,0,0,0,4,0,0,0,0,0,1
7,41,2,0,2,2,1,1,1,远古之盔,Data\Player\HelmMale39.bmd,68,24,0,54,0,52,16,0,0,0,4,0,0,0,0,0,1
7,42,2,0,2,2,1,1,1,魔灵之盔,Data\Player\HelmMale40.bmd,81,32,0,67,0,60,20,0,0,0,0,0,0,0,0,0,2
7,43,2,0,2,2,1,1,1,石英之盔,Data\Player\HelmMale41.bmd,110,43,0,75,380,56,20,0,0,0,0,0,0,0,0,0,2
7,44,2,0,2,2,1,1,1,黑暗之盔,Data\Player\HelmMale42.bmd,126,54,0,86,380,1,1,0,0,0,0,0,0,0,0,0,2
7,45,2,0,2,2,1,1,1,泰坦之盔,Data\Player\HelmMale43.bmd,126,63,0,86,380,1,1,0,0,0,0,0,1,0,0,0,0
7,46,2,0,2,2,1,1,1,勇气之盔,Data\Player\HelmMale44.bmd,122,51,0,86,380,1,1,0,0,0,0,0,1,0,0,0,0
7,49,2,0,2,2,1,1,1,恐惧之盔,Data\Player\HelmMale45.bmd,126,50,0,86,380,1,1,0,0,0,0,0,0,1,0,0,0
7,50,2,0,2,2,1,1,1,灵光之盔,Data\Player\HelmMale46.bmd,120,44,0,86,380,1,1,1,0,0,0,0,0,1,0,0,0
7,51,2,0,2,2,1,1,1,霸王之盔,Data\Player\HelmMale47.bmd,127,44,0,86,380,1,1,0,0,0,0,0,0,0,0,1,0
7,52,2,0,2,2,1,1,1,冥王之盔,Data\Player\HelmMale48.bmd,125,41,0,86,380,1,1,1,0,0,0,1,0,0,0,0,0
7,53,2,0,2,2,1,1,1,死灵之盔,Data\Player\HelmMale49.bmd,128,48,0,86,380,1,1,0,0,0,0,0,0,0,0,0,1
,Index,ItemSlot,SkillType,x,y,sirial,option,drop,Level,,Defence,MagDef,Dur,NeedLevel,Str,Dex,Eng,Hea,Cha,技飘加己,孺付过荤,孺扁荤,夸沥,付八荤,促农肺靛,家券贱荤,
,8,//癌渴幅,,,,,,,,,,,,,,,,,,,,,,,,,
8,0,3,0,2,2,1,1,1,青铜铠,Data\Player\ArmorMale01.bmd,18,14,0,34,0,80,20,0,0,0,4,0,1,0,1,1,0
8,1,3,0,2,3,1,1,1,龙王之铠,Data\Player\ArmorMale02.bmd,59,37,0,68,0,120,30,0,0,0,4,0,1,0,1,0,0
8,2,3,0,2,2,1,1,1,革铠,Data\Player\ArmorMale03.bmd,10,7,0,28,0,30,0,0,0,0,4,1,0,0,1,0,0
8,3,3,0,2,2,1,1,1,传说之铠,Data\Player\ArmorMale04.bmd,56,22,0,42,0,40,0,0,0,0,4,1,0,0,1,0,0
8,4,3,0,2,2,1,1,1,骷髅铠,Data\Player\ArmorMale05.bmd,22,13,0,30,0,40,0,0,0,0,4,1,0,0,1,0,0
8,5,3,0,2,3,1,1,1,皮铠,Data\Player\ArmorMale06.bmd,10,10,0,30,0,80,0,0,0,0,4,0,1,0,1,1,0
8,6,3,0,2,2,1,1,1,翡翠铠,Data\Player\ArmorMale07.bmd,28,18,0,40,0,110,0,0,0,0,4,0,1,0,1,1,0
8,7,3,0,2,3,1,1,1,魔王之铠,Data\Player\ArmorMale08.bmd,38,17,0,36,0,40,0,0,0,0,4,1,0,0,1,0,0
8,8,3,0,2,2,1,1,1,黄金铠,Data\Player\ArmorMale09.bmd,38,22,0,44,0,100,30,0,0,0,4,0,1,0,1,0,0
8,9,3,0,2,2,1,1,1,白金铠,Data\Player\ArmorMale10.bmd,48,30,0,50,0,130,0,0,0,0,4,0,1,0,1,0,0
8,10,3,0,2,2,1,1,1,藤铠,Data\Player\ArmorElf01.bmd,10,8,0,22,0,30,60,0,0,0,4,0,0,1,0,0,0
8,11,3,0,2,2,1,1,1,天蚕之铠,Data\Player\ArmorElf02.bmd,20,12,0,26,0,30,70,0,0,0,4,0,0,1,0,0,0
8,12,3,0,2,2,1,1,1,风之铠,Data\Player\ArmorElf03.bmd,32,16,0,32,0,30,80,0,0,0,4,0,0,1,0,0,0
8,13,3,0,2,2,1,1,1,精灵之铠,Data\Player\ArmorElf04.bmd,44,21,0,38,0,40,80,0,0,0,4,0,0,1,0,0,0
8,14,3,0,2,2,1,1,1,女神之铠,Data\Player\ArmorElf05.bmd,57,29,0,45,0,40,80,0,0,0,4,0,0,1,0,0,0
8,15,3,0,2,3,1,1,1,亚特兰蒂斯之铠,Data\Player\ArmorMale16.bmd,80,44,0,80,0,150,70,0,0,0,4,0,0,0,1,0,0
8,16,3,0,2,3,1,1,1,黑龙王之铠,Data\Player\ArmorMale17.bmd,90,48,0,74,0,170,60,0,0,0,4,0,1,0,0,0,0
8,17,3,0,2,3,1,1,1,黑凤凰之铠,Data\Player\ArmorMale18.bmd,100,63,0,80,0,214,65,0,0,0,4,0,2,0,0,0,0
8,18,3,0,2,3,1,1,1,火麒麟之铠,Data\Player\ArmorMale19.bmd,91,33,0,67,0,59,20,0,0,0,4,2,0,0,0,0,0
8,19,3,0,2,2,1,1,1,圣灵之铠,Data\Player\ArmorMale20.bmd,92,44,0,74,0,50,110,0,0,0,4,0,0,2,0,0,0
8,20,3,0,2,3,1,1,1,奔雷之铠,Data\Player\ArmorMale21.bmd,107,60,0,82,0,170,70,0,0,0,4,0,0,0,1,0,0
8,21,3,0,2,3,1,1,1,龙炎之铠,Data\Player\ArmorMale22.bmd,126,75,0,86,0,200,58,0,0,0,4,0,2,0,0,0,0
8,22,3,0,2,3,1,1,1,黑炎之铠,Data\Player\ArmorMale23.bmd,122,43,0,75,0,55,18,0,0,0,4,2,0,0,0,0,0
8,23,3,0,2,3,1,1,1,魔神之铠,Data\Player\ArmorMale24.bmd,128,73,0,90,0,162,66,0,0,0,4,0,0,0,1,0,0
8,24,3,0,2,2,1,1,1,红羽之铠,Data\Player\ArmorMale25.bmd,109,55,0,80,0,52,115,0,0,0,4,0,0,2,0,0,0
8,25,3,0,2,3,1,1,1,圣元之铠,Data\Player\ArmorMale26.bmd,62,25,0,42,0,70,20,0,0,0,4,0,0,0,0,1,0
8,26,3,0,2,3,1,1,1,圣魂之铠,Data\Player\ArmorMale27.bmd,78,36,0,56,0,77,21,0,0,0,4,0,0,0,0,1,0
8,27,3,0,2,3,1,1,1,神圣之铠,Data\Player\ArmorMale28.bmd,96,43,0,70,0,84,22,0,0,0,4,0,0,0,0,1,0
8,28,3,0,2,3,1,1,1,至尊之铠,Data\Player\ArmorMale29.bmd,117,51,0,78,0,80,21,0,0,0,4,0,0,0,0,1,0
8,29,3,0,2,3,1,1,1,暗黑斗神之铠,Data\Player\ArmorMale30.bmd,145,88,0,90,380,1,1,0,0,0,0,0,2,0,0,0,0
8,30,3,0,2,3,1,1,1,法魂玄灵之铠,Data\Player\ArmorMale31.bmd,145,57,0,86,380,1,1,0,0,0,0,2,0,0,0,0,0
8,31,3,0,2,3,1,1,1,紫灵之铠,Data\Player\ArmorMale32.bmd,145,68,0,86,380,1,1,0,0,0,0,0,0,2,0,0,0
8,32,3,0,2,3,1,1,1,天魔斗神之铠,Data\Player\ArmorMale33.bmd,145,86,0,95,380,1,1,0,0,0,0,0,0,0,1,0,0
8,33,3,0,2,3,1,1,1,宙斯之铠,Data\Player\ArmorMale34.bmd,145,64,0,82,380,1,1,0,0,0,0,0,0,0,0,1,0
8,34,3,0,2,3,1,1,1,暴风之铠,Data\Player\ArmorMale35.bmd,75,42,0,72,0,160,50,0,0,0,0,0,1,0,0,0,0
8,35,3,0,2,3,1,1,1,幻月之铠,Data\Player\ArmorMale36.bmd,75,27,0,54,0,53,12,0,0,0,0,1,0,0,0,0,0
8,36,3,0,2,3,1,1,1,碧影之铠,Data\Player\ArmorMale37.bmd,75,36,0,59,0,50,70,0,0,0,0,0,0,1,0,0,0
8,37,3,0,2,3,1,1,1,烈火之铠,Data\Player\ArmorMale38.bmd,105,52,0,81,0,155,50,0,0,0,0,0,0,0,1,0,0
8,38,3,0,2,3,1,1,1,圣光之铠,Data\Player\ArmorMale39.bmd,105,47,0,74,0,80,21,0,0,0,0,0,0,0,0,1,0
8,39,3,0,2,2,1,1,1,飓风之铠,Data\Player\ArmorMale40.bmd,34,22,0,36,0,39,0,0,0,0,4,0,0,0,0,0,1
8,40,3,0,2,2,1,1,1,红翼之铠,Data\Player\ArmorMale41.bmd,56,28,0,42,0,35,8,0,0,0,4,0,0,0,0,0,1
8,41,3,0,2,2,1,1,1,远古之铠,Data\Player\ArmorMale42.bmd,75,35,0,54,0,52,16,0,0,0,4,0,0,0,0,0,1
8,42,3,0,2,2,1,1,1,魔灵之铠,Data\Player\ArmorMale43.bmd,91,45,0,67,0,60,20,0,0,0,0,0,0,0,0,0,2
8,43,3,0,2,2,1,1,1,石英之铠,Data\Player\ArmorMale44.bmd,122,56,0,75,380,57,19,0,0,0,0,0,0,0,0,0,2
8,44,3,0,2,2,1,1,1,黑暗之铠,Data\Player\ArmorMale45.bmd,145,66,0,86,380,1,1,0,0,0,0,0,0,0,0,0,2
8,45,3,0,2,3,1,1,1,泰坦之铠,Data\Player\ArmorMale46.bmd,132,81,0,86,380,1,1,0,0,0,0,0,1,0,0,0,0
8,46,3,0,2,3,1,1,1,勇气之铠,Data\Player\ArmorMale47.bmd,130,62,0,86,380,1,1,0,0,0,0,0,1,0,0,0,0
8,47,3,0,2,3,1,1,1,巨石之铠,Data\Player\ArmorMale48.bmd,131,80,0,86,380,1,1,0,0,0,0,0,0,0,1,0,0
8,48,3,0,2,3,1,1,1,破灭之铠,Data\Player\ArmorMale49.bmd,125,66,0,86,380,1,1,1,0,0,0,0,0,0,1,0,0
8,49,3,0,2,2,1,1,1,恐惧之铠,Data\Player\ArmorMale50.bmd,135,60,0,86,380,1,1,0,0,0,0,0,0,1,0,0,0
8,50,3,0,2,2,1,1,1,灵光之铠,Data\Player\ArmorMale51.bmd,132,52,0,86,380,1,1,1,0,0,0,0,0,1,0,0,0
8,51,3,0,2,3,1,1,1,霸王之铠,Data\Player\ArmorMale52.bmd,130,58,0,86,380,1,1,0,0,0,0,0,0,0,0,1,0
8,52,3,0,2,3,1,1,1,冥王之铠,Data\Player\ArmorMale53.bmd,129,50,0,86,380,1,1,1,0,0,0,1,0,0,0,0,0
8,53,3,0,2,3,1,1,1,死灵之铠,Data\Player\ArmorMale54.bmd,130,61,0,86,380,1,1,0,0,0,0,0,0,0,0,0,1
,Index,ItemSlot,SkillType,x,y,sirial,option,drop,Level,,Defence,MagDef,Dur,NeedLevel,Str,Dex,Eng,Hea,Cha,技飘加己,孺付过荤,孺扁荤,夸沥,付八荤,促农肺靛,家券贱荤,
,9,//官瘤幅,,,,,,,,,,,,,,,,,,,,,,,,,
9,0,4,0,2,2,1,1,1,青铜护腿,Data\Player\PantMale01.bmd,15,10,0,34,0,80,20,0,0,0,4,0,1,0,1,1,0
9,1,4,0,2,2,1,1,1,龙王护腿,Data\Player\PantMale02.bmd,55,26,0,68,0,120,30,0,0,0,4,0,1,0,1,0,0
9,2,4,0,2,2,1,1,1,革护腿,Data\Player\PantMale03.bmd,8,5,0,28,0,30,0,0,0,0,4,1,0,0,1,0,0
9,3,4,0,2,2,1,1,1,传说之护腿,Data\Player\PantMale04.bmd,53,20,0,42,0,40,0,0,0,0,4,1,0,0,1,0,0
9,4,4,0,2,2,1,1,1,骷髅护腿,Data\Player\PantMale05.bmd,20,10,0,30,0,40,0,0,0,0,4,1,0,0,1,0,0
9,5,4,0,2,2,1,1,1,皮护腿,Data\Player\PantMale06.bmd,8,7,0,30,0,80,0,0,0,0,4,0,1,0,1,1,0
9,6,4,0,2,2,1,1,1,翡翠护腿,Data\Player\PantMale07.bmd,25,14,0,40,0,110,0,0,0,0,4,0,1,0,1,1,0
9,7,4,0,2,2,1,1,1,魔王之护腿,Data\Player\PantMale08.bmd,34,15,0,36,0,40,0,0,0,0,4,1,0,0,1,0,0
9,8,4,0,2,2,1,1,1,黄金护腿,Data\Player\PantMale09.bmd,35,18,0,44,0,100,30,0,0,0,4,0,1,0,1,0,0
9,9,4,0,2,2,1,1,1,白金护腿,Data\Player\PantMale10.bmd,45,22,0,50,0,130,0,0,0,0,4,0,1,0,1,0,0
9,10,4,0,2,2,1,1,1,藤护腿,Data\Player\PantElf01.bmd,8,6,0,22,0,30,60,0,0,0,4,0,0,1,0,0,0
9,11,4,0,2,2,1,1,1,天蚕之护腿,Data\Player\PantElf02.bmd,18,10,0,26,0,30,70,0,0,0,4,0,0,1,0,0,0
9,12,4,0,2,2,1,1,1,风之护腿,Data\Player\PantElf03.bmd,30,14,0,32,0,30,80,0,0,0,4,0,0,1,0,0,0
9,13,4,0,2,2,1,1,1,精灵之护腿,Data\Player\PantElf04.bmd,42,18,0,38,0,40,80,0,0,0,4,0,0,1,0,0,0
9,14,4,0,2,2,1,1,1,女神之护腿,Data\Player\PantElf05.bmd,54,25,0,45,0,40,80,0,0,0,4,0,0,1,0,0,0
9,15,4,0,2,2,1,1,1,亚特兰蒂斯之护腿,Data\Player\PantMale16.bmd,74,34,0,80,0,150,70,0,0,0,4,0,0,0,1,0,0
9,16,4,0,2,2,1,1,1,黑龙王护腿,Data\Player\PantMale17.bmd,84,40,0,74,0,170,60,0,0,0,4,0,1,0,0,0,0
9,17,4,0,2,2,1,1,1,黑凤凰护腿,Data\Player\PantMale18.bmd,96,54,0,80,0,207,63,0,0,0,4,0,2,0,0,0,0
9,18,4,0,2,2,1,1,1,火麒麟护腿,Data\Player\PantMale19.bmd,86,30,0,67,0,59,20,0,0,0,4,2,0,0,0,0,0
9,19,4,0,2,2,1,1,1,圣灵护腿,Data\Player\PantMale20.bmd,88,39,0,74,0,50,110,0,0,0,4,0,0,2,0,0,0
9,20,4,0,2,2,1,1,1,奔雷护腿,Data\Player\PantMale21.bmd,99,49,0,82,0,150,70,0,0,0,4,0,0,0,1,0,0
9,21,4,0,2,2,1,1,1,龙炎护腿,Data\Player\PantMale22.bmd,113,65,0,86,0,200,58,0,0,0,4,0,2,0,0,0,0
9,22,4,0,2,2,1,1,1,黑炎护腿,Data\Player\PantMale23.bmd,117,39,0,75,0,55,18,0,0,0,4,2,0,0,0,0,0
9,23,4,0,2,2,1,1,1,魔神护腿,Data\Player\PantMale24.bmd,122,61,0,90,0,162,66,0,0,0,4,0,0,0,1,0,0
9,24,4,0,2,2,1,1,1,红羽护腿,Data\Player\PantMale25.bmd,100,48,0,80,0,52,115,0,0,0,4,0,0,2,0,0,0
9,25,4,0,2,2,1,1,1,圣元护腿,Data\Player\PantMale26.bmd,50,21,0,42,0,70,20,0,0,0,4,0,0,0,0,1,0
9,26,4,0,2,2,1,1,1,圣魂护腿,Data\Player\PantMale27.bmd,70,26,0,56,0,77,21,0,0,0,4,0,0,0,0,1,0
9,27,4,0,2,2,1,1,1,神圣护腿,Data\Player\PantMale28.bmd,92,31,0,70,0,84,22,0,0,0,4,0,0,0,0,1,0
9,28,4,0,2,2,1,1,1,至尊护腿,Data\Player\PantMale29.bmd,110,39,0,78,0,80,21,0,0,0,4,0,0,0,0,1,0
9,29,4,0,2,2,1,1,1,暗黑斗神护腿,Data\Player\PantMale30.bmd,134,78,0,90,380,170,60,0,0,0,0,0,2,0,0,0,0
9,30,4,0,2,2,1,1,1,法魂玄灵护腿,Data\Player\PantMale31.bmd,135,55,0,86,380,44,15,0,0,0,0,2,0,0,0,0,0
9,31,4,0,2,2,1,1,1,紫灵护腿,Data\Player\PantMale32.bmd,135,61,0,86,380,38,80,0,0,0,0,0,0,2,0,0,0
9,32,4,0,2,2,1,1,1,天魔斗神护腿,Data\Player\PantMale33.bmd,135,74,0,95,380,145,60,0,0,0,0,0,0,0,1,0,0
9,33,4,0,2,2,1,1,1,宙斯护腿,Data\Player\PantMale34.bmd,140,52,0,82,380,62,16,0,0,0,0,0,0,0,0,1,0
9,34,4,0,2,2,1,1,1,暴风护腿,Data\Player\PantMale35.bmd,69,33,0,72,0,160,50,0,0,0,0,0,1,0,0,0,0
9,35,4,0,2,2,1,1,1,幻月护腿,Data\Player\PantMale36.bmd,69,25,0,54,0,53,12,0,0,0,0,1,0,0,0,0,0
9,36,4,0,2,2,1,1,1,碧影护腿,Data\Player\PantMale37.bmd,69,32,0,59,0,50,70,0,0,0,0,0,0,1,0,0,0
9,37,4,0,2,2,1,1,1,烈火护腿,Data\Player\PantMale38.bmd,101,41,0,81,0,155,50,0,0,0,0,0,0,0,1,0,0
9,38,4,0,2,2,1,1,1,圣光护腿,Data\Player\PantMale39.bmd,101,35,0,74,0,80,21,0,0,0,0,0,0,0,0,1,0
9,39,4,0,2,2,1,1,1,飓风之护腿,Data\Player\PantMale40.bmd,30,16,0,36,0,36,0,0,0,0,4,0,0,0,0,0,1
9,40,4,0,2,2,1,1,1,红翼之护腿,Data\Player\PantMale41.bmd,53,22,0,42,0,35,7,0,0,0,4,0,0,0,0,0,1
9,41,4,0,2,2,1,1,1,远古之护腿,Data\Player\PantMale42.bmd,72,28,0,54,0,49,16,0,0,0,4,0,0,0,0,0,1
9,42,4,0,2,2,1,1,1,魔灵之护腿,Data\Player\PantMale43.bmd,86,37,0,67,0,60,20,0,0,0,0,0,0,0,0,0,2
9,43,4,0,2,2,1,1,1,石英之护腿,Data\Player\PantMale44.bmd,117,49,0,75,380,57,19,0,0,0,0,0,0,0,0,0,2
9,44,4,0,2,2,1,1,1,黑暗之护腿,Data\Player\PantMale45.bmd,135,59,0,86,380,1,1,0,0,0,0,0,0,0,0,0,2
9,45,4,0,2,2,1,1,1,泰坦之护腿,Data\Player\PantMale46.bmd,122,74,0,86,380,1,1,0,0,0,0,0,1,0,0,0,0
9,46,4,0,2,2,1,1,1,勇气之护腿,Data\Player\PantMale47.bmd,120,58,0,86,380,1,1,0,0,0,0,0,1,0,0,0,0
9,47,4,0,2,2,1,1,1,巨石之护腿,Data\Player\PantMale48.bmd,125,66,0,86,380,1,1,0,0,0,0,0,0,0,1,0,0
9,48,4,0,2,2,1,1,1,破灭之护腿,Data\Player\PantMale49.bmd,121,51,0,86,380,1,1,1,0,0,0,0,0,0,1,0,0
9,49,4,0,2,2,1,1,1,恐惧之护腿,Data\Player\PantMale50.bmd,128,53,0,86,380,1,1,0,0,0,0,0,0,1,0,0,0
9,50,4,0,2,2,1,1,1,灵光之护腿,Data\Player\PantMale51.bmd,123,46,0,86,380,1,1,1,0,0,0,0,0,1,0,0,0
9,51,4,0,2,2,1,1,1,霸王之护腿,Data\Player\PantMale52.bmd,126,46,0,86,380,1,1,0,0,0,0,0,0,0,0,1,0
9,52,4,0,2,2,1,1,1,冥王之护腿,Data\Player\PantMale53.bmd,123,44,0,86,380,1,1,1,0,0,0,1,0,0,0,0,0
9,53,4,0,2,2,1,1,1,死灵之护腿,Data\Player\PantMale54.bmd,124,54,0,86,380,1,1,0,0,0,0,0,0,0,0,0,1
,Index,ItemSlot,SkillType,x,y,sirial,option,drop,Level,,Defence,MagDef,Dur,NeedLevel,Str,Dex,Eng,Hea,Cha,技飘加己,孺付过荤,孺扁荤,夸沥,付八荤,促农肺靛,家券贱荤,
,10,//厘癌幅,,,,,,,,,,,,,,,,,,,,,,,,,
10,0,5,0,2,2,1,1,1,青铜护手,Data\Player\GloveMale01.bmd,13,4,4,34,0,80,20,0,0,0,4,0,1,0,1,1,0
10,1,5,0,2,2,1,1,1,龙王护手,Data\Player\GloveMale02.bmd,52,14,6,68,0,120,30,0,0,0,4,0,1,0,1,0,0
10,2,5,0,2,2,1,1,1,革护手,Data\Player\GloveMale03.bmd,3,2,0,28,0,20,0,0,0,0,4,1,0,0,1,0,0
10,3,5,0,2,2,1,1,1,传说之护手,Data\Player\GloveMale04.bmd,44,11,0,42,0,20,0,0,0,0,4,1,0,0,1,0,0
10,4,5,0,2,2,1,1,1,骷髅护手,Data\Player\GloveMale05.bmd,14,5,0,30,0,20,0,0,0,0,4,1,0,0,1,0,0
10,5,5,0,2,2,1,1,1,皮护手,Data\Player\GloveMale06.bmd,4,2,8,30,0,80,0,0,0,0,4,0,1,0,1,1,0
10,6,5,0,2,2,1,1,1,翡翠护手,Data\Player\GloveMale07.bmd,22,7,10,40,0,110,0,0,0,0,4,0,1,0,1,1,0
10,7,5,0,2,2,1,1,1,魔王之护手,Data\Player\GloveMale08.bmd,28,8,0,36,0,20,0,0,0,0,4,1,0,0,1,0,0
10,8,5,0,2,2,1,1,1,黄金护手,Data\Player\GloveMale09.bmd,32,9,8,44,0,100,30,0,0,0,4,0,1,0,1,0,0
10,9,5,0,2,2,1,1,1,白金护手,Data\Player\GloveMale10.bmd,42,12,4,50,0,130,0,0,0,0,4,0,1,0,1,0,0
10,10,5,0,2,2,1,1,1,藤护手,Data\Player\GloveElf01.bmd,4,2,4,22,0,30,60,0,0,0,4,0,0,1,0,0,0
10,11,5,0,2,2,1,1,1,天蚕之护手,Data\Player\GloveElf02.bmd,14,4,8,26,0,30,70,0,0,0,4,0,0,1,0,0,0
10,12,5,0,2,2,1,1,1,风之护手,Data\Player\GloveElf03.bmd,26,6,10,32,0,30,80,0,0,0,4,0,0,1,0,0,0
10,13,5,0,2,2,1,1,1,精灵之护手,Data\Player\GloveElf04.bmd,38,9,4,38,0,40,80,0,0,0,4,0,0,1,0,0,0
10,14,5,0,2,2,1,1,1,女神之护手,Data\Player\GloveElf05.bmd,50,15,6,45,0,40,80,0,0,0,4,0,0,1,0,0,0
10,15,5,0,2,2,1,1,1,亚特兰蒂斯之护手,Data\Player\GloveMale16.bmd,70,20,6,80,0,150,70,0,0,0,4,0,0,0,1,0,0
10,16,5,0,2,2,1,1,1,黑龙王护手,Data\Player\GloveMale17.bmd,76,22,6,74,0,170,60,0,0,0,4,0,1,0,0,0,0
10,17,5,0,2,2,1,1,1,黑凤凰护手,Data\Player\GloveMale18.bmd,86,37,6,80,0,205,63,0,0,0,4,0,2,0,0,0,0
10,18,5,0,2,2,1,1,1,火麒麟护手,Data\Player\GloveMale19.bmd,70,20,5,67,0,49,10,0,0,0,4,2,0,0,0,0,0
10,19,5,0,2,2,1,1,1,圣灵护手,Data\Player\GloveMale20.bmd,72,29,6,74,0,50,110,0,0,0,4,0,0,2,0,0,0
10,20,5,0,2,2,1,1,1,奔雷护手,Data\Player\GloveMale21.bmd,88,34,7,82,0,150,70,0,0,0,4,0,0,0,1,0,0
10,21,5,0,2,2,1,1,1,龙炎护手,Data\Player\GloveMale22.bmd,94,48,6,86,0,200,58,0,0,0,4,0,2,0,0,0,0
10,22,5,0,2,2,1,1,1,黑炎护手,Data\Player\GloveMale23.bmd,87,30,6,75,0,55,18,0,0,0,4,2,0,0,0,0,0
10,23,5,0,2,2,1,1,1,魔神护手,Data\Player\GloveMale24.bmd,102,45,7,90,0,162,66,0,0,0,4,0,0,0,1,0,0
10,24,5,0,2,2,1,1,1,红羽护手,Data\Player\GloveMale25.bmd,84,38,6,80,0,52,115,0,0,0,4,0,0,2,0,0,0
10,25,5,0,2,2,1,1,1,圣元护手,Data\Player\GloveMale26.bmd,42,12,7,42,0,70,20,0,0,0,4,0,0,0,0,1,0
10,26,5,0,2,2,1,1,1,圣魂护手,Data\Player\GloveMale27.bmd,57,18,6,56,0,77,21,0,0,0,4,0,0,0,0,1,0
10,27,5,0,2,2,1,1,1,神圣护手,Data\Player\GloveMale28.bmd,75,21,5,70,0,84,22,0,0,0,4,0,0,0,0,1,0
10,28,5,0,2,2,1,1,1,至尊护手,Data\Player\GloveMale29.bmd,89,29,4,78,0,80,21,0,0,0,4,0,0,0,0,1,0
10,29,5,0,2,2,1,1,1,暗黑斗神护手,Data\Player\GloveMale30.bmd,114,60,7,90,380,170,60,0,0,0,0,0,2,0,0,0,0
10,30,5,0,2,2,1,1,1,法魂玄灵护手,Data\Player\GloveMale31.bmd,111,44,7,86,380,44,15,0,0,0,0,2,0,0,0,0,0
10,31,5,0,2,2,1,1,1,紫灵护手,Data\Player\GloveMale32.bmd,111,50,7,86,380,38,80,0,0,0,0,0,0,2,0,0,0
10,32,5,0,2,2,1,1,1,天魔斗神护手,Data\Player\GloveMale33.bmd,127,55,7,95,380,145,60,0,0,0,0,0,0,0,1,0,0
10,33,5,0,2,2,1,1,1,宙斯护手,Data\Player\GloveMale34.bmd,110,40,5,82,380,62,16,0,0,0,0,0,0,0,0,1,0
10,34,5,0,2,2,1,1,1,暴风护手,Data\Player\GloveMale35.bmd,61,18,6,72,0,160,50,0,0,0,0,0,1,0,0,0,0
10,35,5,0,2,2,1,1,1,幻月护手,Data\Player\GloveMale36.bmd,61,15,6,54,0,53,12,0,0,0,0,1,0,0,0,0,0
10,36,5,0,2,2,1,1,1,碧影护手,Data\Player\GloveMale37.bmd,61,22,6,59,0,50,70,0,0,0,0,0,0,1,0,0,0
10,37,5,0,2,2,1,1,1,烈火护手,Data\Player\GloveMale38.bmd,91,27,7,81,0,155,50,0,0,0,0,0,0,0,1,0,0
10,38,5,0,2,2,1,1,1,圣光护手,Data\Player\GloveMale39.bmd,91,25,5,74,0,80,21,0,0,0,0,0,0,0,0,1,0
10,39,5,0,2,2,1,1,1,飓风之护手,Data\Player\GloveMale40.bmd,24,9,6,36,0,22,0,0,0,0,4,0,0,0,0,0,1
10,40,5,0,2,2,1,1,1,红翼之护手,Data\Player\GloveMale41.bmd,44,13,8,42,0,18,4,0,0,0,4,0,0,0,0,0,1
10,41,5,0,2,2,1,1,1,远古之护手,Data\Player\GloveMale42.bmd,61,19,7,54,0,52,16,0,0,0,4,0,0,0,0,0,1
10,42,5,0,2,2,1,1,1,魔灵之护手,Data\Player\GloveMale43.bmd,70,26,6,67,0,50,10,0,0,0,0,0,0,0,0,0,2
10,43,5,0,2,2,1,1,1,石英之护手,Data\Player\GloveMale44.bmd,87,34,6,75,380,56,20,0,0,0,0,0,0,0,0,0,2
10,44,5,0,2,2,1,1,1,黑暗之护手,Data\Player\GloveMale45.bmd,111,49,7,86,380,1,1,0,0,0,0,0,0,0,0,0,2
10,45,5,0,2,2,1,1,1,泰坦之护手,Data\Player\GloveMale46.bmd,120,56,7,86,380,1,1,0,0,0,0,0,1,0,0,0,0
10,46,5,0,2,2,1,1,1,勇气之护手,Data\Player\GloveMale47.bmd,120,42,7,86,380,1,1,0,0,0,0,0,1,0,0,0,0
10,47,5,0,2,2,1,1,1,巨石之护手,Data\Player\GloveMale48.bmd,120,49,7,86,380,1,1,0,0,0,0,0,0,0,1,0,0
10,48,5,0,2,2,1,1,1,破灭之护手,Data\Player\GloveMale49.bmd,120,40,7,86,380,1,1,1,0,0,0,0,0,0,1,0,0
10,49,5,0,2,2,1,1,1,恐惧之护手,Data\Player\GloveMale50.bmd,120,43,7,86,380,1,1,0,0,0,0,0,0,1,0,0,0
10,50,5,0,2,2,1,1,1,灵光之护手,Data\Player\GloveMale51.bmd,120,36,7,86,380,1,1,1,0,0,0,0,0,1,0,0,0
10,51,5,0,2,2,1,1,1,霸王之护手,Data\Player\GloveMale52.bmd,120,34,7,86,380,1,1,0,0,0,0,0,0,0,0,1,0
10,52,5,0,2,2,1,1,1,冥王之护手,Data\Player\GloveMale53.bmd,120,31,7,86,380,1,1,1,0,0,0,1,0,0,0,0,0
10,53,5,0,2,2,1,1,1,死灵之护手,Data\Player\GloveMale54.bmd,120,41,7,86,380,1,1,0,0,0,0,0,0,0,0,0,1
,Index,ItemSlot,SkillType,x,y,sirial,option,drop,Level,,Defence,MagDef,Dur,NeedLevel,Str,Dex,Eng,Hea,Cha,技飘加己,孺付过荤,孺扁荤,夸沥,付八荤,促农肺靛,家券贱荤,
,11,//何明幅,,,,,,,,,,,,,,,,,,,,,,,,,
11,0,6,0,2,2,1,1,1,青铜靴,Data\Player\BootMale01.bmd,12,4,10,34,0,80,20,0,0,0,4,0,1,0,1,1,0
11,1,6,0,2,2,1,1,1,龙王之靴,Data\Player\BootMale02.bmd,54,15,2,68,0,120,30,0,0,0,4,0,1,0,1,0,0
11,2,6,0,2,2,1,1,1,革靴,Data\Player\BootMale03.bmd,4,3,10,28,0,20,0,0,0,0,4,1,0,0,1,0,0
11,3,6,0,2,2,1,1,1,传说之靴,Data\Player\BootMale04.bmd,46,12,0,42,0,30,0,0,0,0,4,1,0,0,1,0,0
11,4,6,0,2,2,1,1,1,骷髅靴,Data\Player\BootMale05.bmd,16,6,6,30,0,30,0,0,0,0,4,1,0,0,1,0,0
11,5,6,0,2,2,1,1,1,皮靴,Data\Player\BootMale06.bmd,5,2,12,30,0,80,0,0,0,0,4,0,1,0,1,1,0
11,6,6,0,2,2,1,1,1,翡翠靴,Data\Player\BootMale07.bmd,22,8,8,40,0,110,0,0,0,0,4,0,1,0,1,1,0
11,7,6,0,2,2,1,1,1,魔王之靴,Data\Player\BootMale08.bmd,30,9,8,36,0,30,0,0,0,0,4,1,0,0,1,0,0
11,8,6,0,2,2,1,1,1,黄金靴,Data\Player\BootMale09.bmd,32,10,6,44,0,100,30,0,0,0,4,0,1,0,1,0,0
11,9,6,0,2,2,1,1,1,白金靴,Data\Player\BootMale10.bmd,42,12,4,50,0,130,0,0,0,0,4,0,1,0,1,0,0
11,10,6,0,2,2,1,1,1,藤靴,Data\Player\BootElf01.bmd,5,2,0,22,0,30,60,0,0,0,4,0,0,1,0,0,0
11,11,6,0,2,2,1,1,1,天蚕之靴,Data\Player\BootElf02.bmd,15,4,0,26,0,30,70,0,0,0,4,0,0,1,0,0,0
11,12,6,0,2,2,1,1,1,风之靴,Data\Player\BootElf03.bmd,27,7,0,32,0,30,80,0,0,0,4,0,0,1,0,0,0
11,13,6,0,2,2,1,1,1,精灵之靴,Data\Player\BootElf04.bmd,40,10,0,38,0,40,80,0,0,0,4,0,0,1,0,0,0
11,14,6,0,2,2,1,1,1,女神之靴,Data\Player\BootElf05.bmd,52,16,0,45,0,40,80,0,0,0,4,0,0,1,0,0,0
11,15,6,0,2,2,1,1,1,亚特兰蒂斯之靴,Data\Player\BootMale16.bmd,72,22,2,80,0,150,70,0,0,0,4,0,0,0,1,0,0
11,16,6,0,2,2,1,1,1,黑龙王之靴,Data\Player\BootMale17.bmd,78,24,2,74,0,170,60,0,0,0,4,0,1,0,0,0,0
11,17,6,0,2,2,1,1,1,黑凤凰之靴,Data\Player\BootMale18.bmd,93,40,2,80,0,198,60,0,0,0,4,0,2,0,0,0,0
11,18,6,0,2,2,1,1,1,火麒麟之靴,Data\Player\BootMale19.bmd,76,22,0,67,0,59,10,0,0,0,4,2,0,0,0,0,0
11,19,6,0,2,2,1,1,1,圣灵之靴,Data\Player\BootMale20.bmd,81,30,0,74,0,50,110,0,0,0,4,0,0,2,0,0,0
11,20,6,0,2,2,1,1,1,奔雷之靴,Data\Player\BootMale21.bmd,92,37,2,82,0,150,70,0,0,0,4,0,0,0,1,0,0
11,21,6,0,2,2,1,1,1,龙炎之靴,Data\Player\BootMale22.bmd,98,50,0,86,0,200,58,0,0,0,4,0,2,0,0,0,0
11,22,6,0,2,2,1,1,1,黑炎之靴,Data\Player\BootMale23.bmd,95,31,0,75,0,55,18,0,0,0,4,2,0,0,0,0,0
11,23,6,0,2,2,1,1,1,魔神之靴,Data\Player\BootMale24.bmd,110,50,0,90,0,162,66,0,0,0,4,0,0,0,1,0,0
11,24,6,0,2,2,1,1,1,红羽之靴,Data\Player\BootMale25.bmd,87,40,0,80,0,52,115,0,0,0,4,0,0,2,0,0,0
11,25,6,0,2,2,1,1,1,圣元之靴,Data\Player\BootMale26.bmd,45,13,0,42,0,70,20,0,0,0,4,0,0,0,0,1,0
11,26,6,0,2,2,1,1,1,圣魂之靴,Data\Player\BootMale27.bmd,60,20,0,56,0,77,21,0,0,0,4,0,0,0,0,1,0
11,27,6,0,2,2,1,1,1,神圣之靴,Data\Player\BootMale28.bmd,83,25,0,70,0,84,22,0,0,0,4,0,0,0,0,1,0
11,28,6,0,2,2,1,1,1,至尊之靴,Data\Player\BootMale29.bmd,95,33,0,78,0,80,21,0,0,0,4,0,0,0,0,1,0
11,29,6,0,2,2,1,1,1,暗黑斗神之靴,Data\Player\BootMale30.bmd,119,63,0,90,380,170,60,0,0,0,0,0,2,0,0,0,0
11,30,6,0,2,2,1,1,1,法魂玄灵之靴,Data\Player\BootMale31.bmd,119,47,0,86,380,44,15,0,0,0,0,2,0,0,0,0,0
11,31,6,0,2,2,1,1,1,紫灵之靴,Data\Player\BootMale32.bmd,119,53,0,86,380,38,80,0,0,0,0,0,0,2,0,0,0
11,32,6,0,2,2,1,1,1,天魔斗神之靴,Data\Player\BootMale33.bmd,131,61,0,95,380,145,60,0,0,0,0,0,0,0,1,0,0
11,33,6,0,2,2,1,1,1,宙斯之靴,Data\Player\BootMale34.bmd,121,44,0,82,380,62,16,0,0,0,0,0,0,0,0,1,0
11,34,6,0,2,2,1,1,1,暴风之靴,Data\Player\BootMale35.bmd,68,19,0,72,0,160,50,0,0,0,0,0,1,0,0,0,0
11,35,6,0,2,2,1,1,1,幻月之靴,Data\Player\BootMale36.bmd,68,17,0,54,0,53,12,0,0,0,0,1,0,0,0,0,0
11,36,6,0,2,2,1,1,1,碧影之靴,Data\Player\BootMale37.bmd,68,23,0,59,0,50,70,0,0,0,0,0,0,1,0,0,0
11,37,6,0,2,2,1,1,1,烈火之靴,Data\Player\BootMale38.bmd,98,29,0,81,0,155,50,0,0,0,0,0,0,0,1,0,0
11,38,6,0,2,2,1,1,1,圣光之靴,Data\Player\BootMale39.bmd,98,29,0,74,0,80,21,0,0,0,0,0,0,0,0,1,0
11,39,6,0,2,2,1,1,1,飓风之靴,Data\Player\BootMale40.bmd,26,11,0,36,0,27,0,0,0,0,4,0,0,0,0,0,1
11,40,6,0,2,2,1,1,1,红翼之靴,Data\Player\BootMale41.bmd,46,15,0,42,0,25,4,0,0,0,4,0,0,0,0,0,1
11,41,6,0,2,2,1,1,1,远古之靴,Data\Player\BootMale42.bmd,65,21,0,54,0,53,16,0,0,0,4,0,0,0,0,0,1
11,42,6,0,2,2,1,1,1,魔灵之靴,Data\Player\BootMale43.bmd,76,28,0,67,0,60,10,0,0,0,0,0,0,0,0,0,2
11,43,6,0,2,2,1,1,1,石英之靴,Data\Player\BootMale44.bmd,95,38,0,75,380,57,20,0,0,0,0,0,0,0,0,0,2
11,44,6,0,2,2,1,1,1,黑暗之靴,Data\Player\BootMale45.bmd,119,51,0,86,380,1,1,0,0,0,0,0,0,0,0,0,2
11,45,6,0,2,2,1,1,1,泰坦之靴,Data\Player\BootMale46.bmd,120,57,0,86,380,1,1,0,0,0,0,0,1,0,0,0,0
11,46,6,0,2,2,1,1,1,勇气之靴,Data\Player\BootMale47.bmd,120,45,0,86,380,1,1,0,0,0,0,0,1,0,0,0,0
11,47,6,0,2,2,1,1,1,巨石之靴,Data\Player\BootMale48.bmd,120,54,0,86,380,1,1,0,0,0,0,0,0,0,1,0,0
11,48,6,0,2,2,1,1,1,破灭之靴,Data\Player\BootMale49.bmd,120,44,0,86,380,1,1,1,0,0,0,0,0,0,1,0,0
11,49,6,0,2,2,1,1,1,恐惧之靴,Data\Player\BootMale50.bmd,120,42,0,86,380,1,1,0,0,0,0,0,0,1,0,0,0
11,50,6,0,2,2,1,1,1,灵光之靴,Data\Player\BootMale51.bmd,120,35,0,86,380,1,1,1,0,0,0,0,0,1,0,0,0
11,51,6,0,2,2,1,1,1,霸王之靴,Data\Player\BootMale52.bmd,120,38,0,86,380,1,1,0,0,0,0,0,0,0,0,1,0
11,52,6,0,2,2,1,1,1,冥王之靴,Data\Player\BootMale53.bmd,120,34,0,86,380,1,1,1,0,0,0,1,0,0,0,0,0
11,53,6,0,2,2,1,1,1,死灵之靴,Data\Player\BootMale54.bmd,120,44,0,86,380,1,1,0,0,0,0,0,0,0,0,0,1
,Index,ItemSlot,SkillType,x,y,sirial,option,drop,Level,,Dur,倔澜,刀,锅俺,阂,顶,官恩,拱,技飘加己,孺付过荤,孺扁荤,夸沥,付八荤,促农肺靛,家券贱荤,,
,13,,,,,,,,,,,,,,,,,,,,,,,,,,
13,0,8,0,1,1,1,0,1,守护天使,,23,255,0,0,0,0,0,0,0,0,1,1,1,1,1,1,
13,1,8,0,1,1,1,0,1,小恶魔,,28,255,0,0,0,0,0,0,0,0,1,1,1,1,1,1,
13,2,8,0,1,1,1,0,1,兽角,,25,255,0,0,0,0,0,0,0,0,1,1,1,1,1,1,
13,3,8,49,1,1,1,0,0,彩云兽,,110,255,0,0,0,0,0,0,0,0,1,1,1,1,1,1,
13,4,8,62,1,1,1,0,0,黑王马之角,,218,255,0,0,0,0,0,0,0,0,0,0,0,0,1,0,
13,5,1,0,1,1,1,0,0,天鹰之爪,,0,255,0,0,0,0,0,0,0,0,1,1,1,1,1,0,
13,7,-1,0,1,1,1,0,0,召唤佣兵,,0,255,0,0,0,0,0,0,0,0,1,1,1,1,1,1,
13,8,10,0,1,1,1,1,1,冰之指环,,20,50,1,0,0,0,0,0,0,2,1,1,1,1,1,1,
13,9,10,0,1,1,1,1,1,毒之指环,,17,50,0,1,0,0,0,0,0,4,1,1,1,1,1,1,
13,10,10,0,1,1,1,0,0,变身戒指,,0,200,0,0,0,0,0,0,0,0,1,1,1,1,1,1,
13,11,-1,0,1,1,1,0,0,复活石,,0,255,0,0,0,0,0,0,0,0,1,1,1,1,1,1
13,12,9,0,1,1,1,1,1,雷之项链,,21,50,0,0,1,0,0,0,0,3,1,1,1,1,1,1
13,13,9,0,1,1,1,1,1,火之项链,,13,50,0,0,0,1,0,0,0,1,1,1,1,1,1,1
13,14,-1,0,1,2,1,0,1,洛克之羽,,78,0,0,0,0,0,0,0,0,0,1,1,1,1,1,1
13,15,-1,0,1,1,1,0,0,果实,,0,0,0,0,0,0,0,0,0,0,1,1,1,1,1,1
13,16,-1,0,1,2,1,0,1,血灵之书,,0,128,0,0,0,0,0,0,0,0,1,1,1,1,1,1
13,17,-1,0,1,2,1,0,1,血灵之骷,,0,128,0,0,0,0,0,0,0,0,1,1,1,1,1,1
13,18,-1,0,2,2,1,0,0,透明披风,,0,255,0,0,0,0,0,0,0,0,1,1,1,1,1,1
13,19,-1,0,1,2,1,0,0,大天使之武器,,0,255,0,0,0,0,0,0,0,0,1,1,1,1,1,1
13,20,10,0,1,1,1,1,0,魔法戒指,,0,30,0,0,0,0,0,0,0,0,1,1,1,1,1,1
13,21,10,0,1,1,1,1,1,火之指环,,30,50,0,0,0,1,0,0,0,3,1,1,1,1,1,1
13,22,10,0,1,1,1,1,1,地之指环,,38,50,0,0,0,0,1,0,0,1,1,1,1,1,1,1
13,23,10,0,1,1,1,1,1,风之指环,,44,50,0,0,0,0,0,1,0,2,1,1,1,1,1,1
13,24,10,0,1,1,1,1,1,魔之指环,,47,50,0,0,0,0,0,0,0,3,1,1,1,1,1,1
13,25,9,0,1,1,1,1,1,冰之项链,,34,50,1,0,0,0,0,0,0,1,1,1,1,1,1,1
13,26,9,0,1,1,1,1,1,风之项链,,42,50,0,0,0,0,0,1,0,2,1,1,1,1,1,1
13,27,9,0,1,1,1,1,1,水之项链,,46,50,0,0,0,0,0,0,1,4,1,1,1,1,1,1
13,28,9,0,1,1,1,1,1,紫晶项链,,50,50,0,0,0,0,0,0,0,0,1,1,1,1,1,1
13,29,-1,0,2,2,1,1,1,卫兵铠甲,,0,0,0,0,0,0,0,0,0,0,1,1,1,1,1,1
13,30,7,0,2,3,1,1,0,王者披风,,180,200,0,0,0,0,0,0,0,0,0,0,0,0,1,0
13,31,-1,0,1,1,1,0,0,兽之灵魂,,0,0,0,0,0,0,0,0,0,0,0,0,0,0,1,0
13,32,-1,0,1,1,1,0,1,破烂的铠甲片,,0,1,0,0,0,0,0,0,0,0,1,1,1,1,1,1
13,33,-1,0,1,1,1,0,1,女神的灵智,,0,1,0,0,0,0,0,0,0,0,1,1,1,1,1,1
13,34,-1,0,1,1,1,0,1,猛兽的脚甲,,0,1,0,0,0,0,0,0,0,0,1,1,1,1,1,1
13,35,-1,0,1,1,1,0,0,碎角片,,0,1,0,0,0,0,0,0,0,0,1,1,1,1,1,1
13,36,-1,0,2,2,1,0,0,折断的角,,0,1,0,0,0,0,0,0,0,0,1,1,1,1,1,1
13,37,8,0,2,2,1,1,0,炎狼兽之角,,300,255,0,0,0,0,0,0,0,0,2,2,2,1,1,2
13,38,10,0,1,1,1,1,0,悬石,,21,120,0,0,0,0,0,0,0,3,1,1,1,1,1,1
13,40,10,0,1,1,1,0,0,南瓜灯变身指环,,10,100,0,0,0,0,0,0,0,0,1,1,1,1,1,1
13,42,10,0,1,1,1,0,0,GM变身指环,,0,255,255,255,255,255,255,255,255,0,1,1,1,1,1,1
13,43,-1,0,1,1,1,0,0,经验印章,,0,0,0,0,0,0,0,0,0,0,1,1,1,1,1,1
13,44,-1,0,1,1,1,0,0,神圣印章,,0,0,0,0,0,0,0,0,0,0,1,1,1,1,1,1
13,45,-1,0,1,1,1,0,0,贡献印章,,0,0,0,0,0,0,0,0,0,0,1,1,1,1,1,1
13,46,-1,0,1,1,1,0,0,恶魔广场自由入场券,,0,10,0,0,0,0,0,0,0,0,1,1,1,1,1,1
13,47,-1,0,1,1,1,0,0,血色城堡自由入场券,,0,10,0,0,0,0,0,0,0,0,1,1,1,1,1,1
13,48,-1,0,1,1,1,0,0,卡利玛自由入场券,,0,10,0,0,0,0,0,0,0,0,1,1,1,1,1,1
13,49,-1,0,1,1,1,0,0,旧卷纸,,0,0,0,0,0,0,0,0,0,0,1,1,1,1,1,1
13,50,-1,0,1,2,1,0,0,幻影教药水,,0,0,0,0,0,0,0,0,0,0,1,1,1,1,1,1
13,51,-1,0,2,2,1,0,0,血的卷纸,,0,1,0,0,0,0,0,0,0,0,1,1,1,1,1,1
13,52,-1,0,1,2,1,0,1,神鹰火种,,0,0,0,0,0,0,0,0,0,0,1,1,1,1,1,1
13,53,-1,0,1,2,1,0,0,神鹰之羽,,0,0,0,0,0,0,0,0,0,0,1,1,1,1,1,1
13,54,-1,0,1,1,1,0,0,力量洗点果实,,0,0,0,0,0,0,0,0,0,0,1,1,1,1,1,1
13,55,-1,0,1,1,1,0,0,敏捷洗点果实,,0,100,0,0,0,0,0,0,0,0,1,1,1,1,1,1
13,56,-1,0,1,1,1,0,0,体力洗点果实,,0,100,0,0,0,0,0,0,0,0,1,1,1,1,1,1
13,57,-1,0,1,1,1,0,0,智力洗点果实,,0,100,0,0,0,0,0,0,0,0,1,1,1,1,1,1
13,58,-1,0,1,1,1,0,0,统率洗点果实,,0,100,0,0,0,0,0,0,0,0,1,1,1,1,1,1
13,59,-1,0,1,1,1,0,0,移动印章,,0,0,0,0,0,0,0,0,0,0,1,1,1,1,1,1
13,60,-1,0,1,2,1,0,0,免罪符,,0,0,0,0,0,0,0,0,0,0,1,1,1,1,1,1
13,61,-1,0,1,1,1,0,0,幻影寺院自由入场券,,0,10,0,0,0,0,0,0,0,0,1,1,1,1,1,1
13,62,-1,0,1,1,1,0,0,大师经验印章,,0,0,0,0,0,0,0,0,0,0,1,1,1,1,1,1
13,63,-1,0,1,1,1,0,0,大师神圣印章,,0,0,0,0,0,0,0,0,0,0,1,1,1,1,1,1
13,64,8,0,1,1,1,0,0,强化恶魔,,28,255,0,0,0,0,0,0,0,0,1,1,1,1,1,1
13,65,8,0,1,1,1,0,0,强化天使,,28,255,0,0,0,0,0,0,0,0,1,1,1,1,1,1
13,66,-1,0,1,1,1,0,0,圣诞之地入场券,,0,10,0,0,0,0,0,0,0,0,1,1,1,1,1,1
13,67,8,0,1,1,1,0,0,鲁道夫,,28,255,0,0,0,0,0,0,0,0,1,1,1,1,1,1
13,68,10,0,1,1,1,0,0,雪人变身指环,,10,100,0,0,0,0,0,0,0,0,1,1,1,1,1,1
13,69,-1,0,1,1,1,0,0,复活符咒,,0,0,0,0,0,0,0,0,0,0,1,1,1,1,1,1
13,70,-1,0,1,1,1,0,0,移动符咒,,0,2,0,0,0,0,0,0,0,0,1,1,1,1,1,1
13,81,-1,0,1,1,1,0,0,守护符咒,,0,0,0,0,0,0,0,0,0,0,1,1,1,1,1,1
13,82,-1,0,1,1,1,0,0,装备保护符咒,,0,0,0,0,0,0,0,0,0,0,1,1,1,1,1,1
13,83,-1,0,1,1,1,0,0,恶魔之翼合成符咒,,0,0,0,0,0,0,0,0,0,0,1,1,1,1,1,1
13,84,-1,0,1,1,1,0,0,天使之翼合成符咒,,0,0,0,0,0,0,0,0,0,0,1,1,1,1,1,1
13,85,-1,0,1,1,1,0,0,精灵之翼合成符咒,,0,0,0,0,0,0,0,0,0,0,1,1,1,1,1,1
13,86,-1,0,1,1,1,0,0,灾难之翼合成符咒,,0,0,0,0,0,0,0,0,0,0,1,1,1,1,1,1
13,87,-1,0,1,1,1,0,0,王者披风合成符咒,,0,0,0,0,0,0,0,0,0,0,1,1,1,1,1,1
13,88,-1,0,1,1,1,0,0,飞龙之翼合成符咒,,0,0,0,0,0,0,0,0,0,0,1,1,1,1,1,1
13,89,-1,0,1,1,1,0,0,魔魂之翼合成符咒,,0,0,0,0,0,0,0,0,0,0,1,1,1,1,1,1
13,90,-1,0,1,1,1,0,0,圣灵之翼合成符咒,,0,0,0,0,0,0,0,0,0,0,1,1,1,1,1,1
13,91,-1,0,1,1,1,0,0,绝望之翼合成符咒,,0,0,0,0,0,0,0,0,0,0,1,1,1,1,1,1
13,92,-1,0,1,1,1,0,0,暗黑之翼合成符咒,,0,0,0,0,0,0,0,0,0,0,1,1,1,1,1,1
13,93,-1,0,1,1,1,0,0,大师等级经验印章,,0,0,0,0,0,0,0,0,0,0,1,1,1,1,1,1
13,94,-1,0,1,1,1,0,0,大师等级神圣印章,,0,0,0,0,0,0,0,0,0,0,1,1,1,1,1,1
13,96,-1,0,1,1,1,0,0,强悍符咒,,0,0,0,0,0,0,0,0,0,0,1,1,1,1,1,1
,Index,ItemSlot,SkillType,x,y,sirial,option,drop,Value,,Level,,,,,,,,,,,,,,,

14,0,-1,0,1,1,0,0,1,苹果,,5,1,,,,,,,,,,,,,,
14,1,-1,0,1,1,0,0,1,小瓶治疗药水,,10,10,,,,,,,,,,,,,,
14,2,-1,0,1,1,0,0,1,中瓶治疗药水,,20,25,,,,,,,,,,,,,,
14,3,-1,0,1,1,0,0,1,大瓶治疗药水,,30,40,,,,,,,,,,,,,,
14,4,-1,0,1,1,0,0,1,小瓶魔力药水,,10,10,,,,,,,,,,,,,,
14,5,-1,0,1,1,0,0,1,中瓶魔力药水,,20,25
14,6,-1,0,1,1,0,0,1,大瓶魔力药水,,30,40
14,7,-1,0,1,1,0,0,0,攻城药水,,30,0
14,8,-1,0,1,1,0,0,1,解毒剂,,10,10
14,9,-1,0,1,2,0,0,1,酒,,30,15
14,10,-1,0,1,2,0,0,1,回城卷轴,,30,30
14,11,-1,0,1,1,1,0,1,幸运宝箱,,0,0
14,12,-1,0,1,1,1,0,1,心之记忆,,0,0
14,13,-1,0,1,1,1,0,1,祝福宝石,,150,25
14,14,-1,0,1,1,1,0,1,灵魂宝石,,150,30
14,15,-1,0,1,1,0,0,1,金,,0,0
14,16,-1,0,1,1,1,0,1,生命宝石,,0,72
14,17,-1,0,1,1,1,0,1,恶魔之眼,,0,1
14,18,-1,0,1,1,1,0,1,恶魔之钥,,0,1
14,19,-1,0,1,1,1,0,0,恶魔广场通行证,,0,0
14,20,-1,0,1,1,0,0,1,爱情的魔力,,0,0
14,21,-1,0,1,1,0,0,1,奇迹通宝,,0,0
14,22,-1,0,1,1,1,0,1,创造宝石,,0,78
14,23,-1,0,1,1,1,0,1,帝王之书,,0,0
14,24,-1,0,1,2,1,0,1,断魂之剑,,0,0
14,25,-1,0,1,1,1,0,1,精灵之泪,,0,0
14,26,-1,0,1,1,1,0,1,先知之魂,,0,0
14,//27,-1,0,1,1,1,0,1,绊措狼陛加,,0,0
14,28,-1,0,1,1,1,0,0,失落的地图,,0,0
14,29,-1,0,1,1,1,0,1,昆顿印记,,0,0
14,//30,-1,0,1,1,1,0,1,__隆钎,,0,0
14,31,-1,0,1,1,1,0,1,守护宝石,,75,0
14,32,-1,0,1,1,1,0,1,粉红色宝箱,,0,0
14,33,-1,0,1,1,1,0,1,红色宝箱,,0,0
14,34,-1,0,1,1,1,0,1,蓝色宝箱,,0,0
14,35,-1,0,1,1,1,0,0,小防护药水,,50,0
14,36,-1,0,1,1,1,0,0,中防护药水,,80,0
14,37,-1,0,1,1,1,0,0,大防护药水,,100,0
14,38,-1,0,1,1,1,0,1,小生命圣水,,20,68
14,39,-1,0,1,1,1,0,1,中生命圣水,,40,86
14,40,-1,0,1,1,1,0,1,大生命圣水,,60,100
14,41,-1,0,1,1,1,0,0,再生原石,,150,25
14,42,-1,0,1,1,1,0,0,再生宝石,,150,25
14,43,-1,0,1,1,1,0,0,初级进化宝石,,150,25
14,44,-1,0,1,1,1,0,0,高级进化宝石,,150,25
14,45,-1,0,1,1,1,0,1,幸运南瓜,,0,1
14,46,-1,0,1,2,1,0,0,南瓜灯的祝福,,0,0
14,47,-1,0,1,2,1,0,0,南瓜灯的愤怒,,0,0
14,48,-1,0,1,2,1,0,0,南瓜灯的呐喊,,0,0
14,49,-1,0,1,1,1,0,0,南瓜灯的食物,,0,0
14,50,-1,0,1,1,1,0,0,南瓜灯的饮料,,0,0
14,51,-1,0,1,1,1,0,0,圣诞之星,,0,0
14,52,-1,0,1,1,1,0,0,GM礼物宝箱,,0,0
14,53,-1,0,1,1,1,0,0,幸运符咒,,0,0
14,54,-1,0,1,1,1,0,0,玛雅卡片,,0,0
14,55,-1,0,1,1,1,0,0,绿色玛雅宝箱,,0,0
14,56,-1,0,1,1,1,0,0,弧埃去捣狼惑磊,,0,0
14,57,-1,0,1,1,1,0,0,焊扼去捣狼惑磊,,0,0
14,58,-1,0,1,1,1,0,0,宝物封印1,,0,0
14,59,-1,0,1,1,1,0,0,宝物封印2,,0,0
14,60,-1,0,1,1,1,0,0,宝物封印3,,0,0
14,61,-1,0,1,1,1,0,0,宝物封印4,,0,0
14,62,-1,0,1,1,1,0,0,宝物封印5,,0,0
14,63,-1,0,1,1,1,0,0,爆竹,,0,0
14,64,-1,0,1,1,1,0,0,诅咒之礼,,0,0
14,65,-1,0,1,1,1,0,0,天魔菲尼斯的火种,,0,0
14,66,-1,0,1,2,1,0,0,炽炎魔的角,,0,0
14,67,-1,0,1,2,1,0,0,丛林召唤者的羽毛,,0,0
14,68,-1,0,1,2,1,0,0,深渊之眼,,0,0
14,70,-1,0,1,1,1,0,0,精华治疗药水,,0,0
14,71,-1,0,1,1,1,0,0,精华魔力药水,,0,0
14,72,-1,0,2,2,1,0,0,加速卷轴,,0,0
14,73,-1,0,2,2,1,0,0,防御卷轴,,0,0
14,74,-1,0,2,2,1,0,0,愤怒卷轴,,0,0
14,75,-1,0,2,2,1,0,0,魔力卷轴,,0,0
14,76,-1,0,2,2,1,0,0,体力卷轴,,0,0
14,77,-1,0,2,2,1,0,0,魔法卷轴,,0,0
14,78,-1,0,1,2,1,0,0,力量圣水,,0,0
14,79,-1,0,1,2,1,0,0,敏捷圣水,,0,0
14,80,-1,0,1,2,1,0,0,体力圣水,,0,0
14,81,-1,0,1,2,1,0,0,智力圣水,,0,0
14,82,-1,0,1,2,1,0,0,统率圣水,,0,0
14,83,-1,0,1,1,1,0,0,宝物封印6,,0,0
14,84,-1,0,1,1,1,0,1,樱花游戏箱,,0,0
14,85,-1,0,1,2,1,0,0,樱花酒,,0,0
14,86,-1,0,1,1,1,0,0,樱花饼,,0,0,,,,,,,,,,,,
14,87,-1,0,1,1,1,0,0,樱花花瓣,,0,0,,,,,,,,,,,,
14,88,-1,0,1,2,1,0,0,白色樱花树枝,,0,0,,,,,,,,,,,,
14,89,-1,0,1,2,1,0,0,红色樱花树枝,,0,0,,,,,,,,,,,,
14,90,-1,0,1,2,1,0,0,黄色樱花树枝,,0,0,,,,,,,,,,,,
14,91,-1,0,1,1,1,0,0,召唤术师角色卡,,0,0,,,,,,,,,,,,
14,92,-1,0,1,1,1,0,0,黄金玛雅卡片,,0,0,,,,,,,,,,,,
14,93,-1,0,1,1,1,0,0,稀有玛雅卡片,,0,0,,,,,,,,,,,,
14,94,-1,0,1,1,1,0,0,中型精华治疗药水,,0,0,,,,,,,,,,,,
14,95,-1,0,1,1,1,0,0,迷你玛雅卡片,,0,0,,,,,,,,,,,,
14,96,-1,0,1,1,1,0,0,合成保护符咒,,0,0,,,,,,,,,,,,
14,97,-1,0,2,2,1,0,0,幸运一击卷轴,,0,0,,,,,,,,,,,,
14,98,-1,0,2,2,1,0,0,卓越一击卷轴,,0,0,,,,,,,,,,,,
14,99,-1,0,1,1,1,0,0,圣诞鞭炮,,0,0,,,,,,,,,,,,
,Index,ItemSlot,SkillType,x,y,sirial,option,drop,Level,,Def,Dur,ReqLev,ReqEng,ReqStr,RegDex,RegCha,Zen,孺付过荤,孺扁荤,夸沥,付八荤,促农肺靛,家券贱荤
,12,,,,,,,,,,,,,,,,,,,,,,,
12,0,7,0,3,2,1,0,0,精灵之翼,,100,10,200,180,0,0,0,0,0,0,0,1,0,0,0
12,1,7,0,5,3,1,0,0,天使之翼,,100,10,200,180,0,0,0,0,0,1,0,0,1,0,0
12,2,7,0,5,2,1,0,0,恶魔之翼,,100,20,200,180,0,0,0,0,0,0,1,0,1,0,0
12,3,7,0,5,3,1,1,0,圣灵之翼,,150,30,200,215,0,0,0,0,0,0,0,2,0,0,0
12,4,7,0,5,3,1,1,0,魔魂之翼,,150,30,200,215,0,0,0,0,0,2,0,0,0,0,0
12,5,7,0,3,3,1,1,0,飞龙之翼,,150,45,200,215,0,0,0,0,0,0,2,0,0,0,0
12,6,7,0,4,2,1,1,0,暗黑之翼,,150,40,200,215,0,0,0,0,0,0,0,0,1,0,0
12,7,-1,0,1,1,1,0,1,霹雳回旋斩之石,Data\Item\Bead.bmd,47,0,0,80,0,0,0,0,29000,0,1,0,1,0,0
12,8,-1,0,1,1,1,0,1,治疗之石,Data\Item\Bead.bmd,8,0,0,0,100,0,0,0,800,0,0,1,0,0,0
12,9,-1,0,1,1,1,0,1,防御之石,Data\Item\Bead.bmd,13,0,0,0,100,0,0,0,3000,0,0,1,0,0,0
12,10,-1,0,1,1,1,0,1,攻击之石,Data\Item\Bead.bmd,18,0,0,0,100,0,0,0,7000,0,0,1,0,0,0
12,11,-1,0,1,1,1,0,1,召唤之石,Data\Item\Bead.bmd,3,0,0,0,0,0,0,0,150,0,0,1,0,0,0
12,12,-1,0,1,1,1,0,1,雷霆裂闪之石,Data\Item\Bead.bmd,78,0,0,170,0,0,0,0,150000,0,2,0,0,0,0
12,13,-1,0,1,1,1,0,1,钻云枪之石,Data\Item\Bead.bmd,20,0,0,28,0,0,0,0,10000,0,1,0,1,0,0
12,14,-1,0,1,1,1,0,1,生命之光之石,Data\Item\Bead.bmd,60,0,0,120,0,0,0,0,43000,0,1,0,0,0,0
12,15,-1,0,1,1,1,0,1,玛雅之石,Data\Item\Bead.bmd,12,0,0,0,0,0,0,0,0,1,1,1,1,1,0
12,16,-1,0,1,1,1,0,1,玄月斩之石,Data\Item\Bead.bmd,60,0,0,0,0,320,0,0,51000,0,0,0,1,0,0
12,17,-1,0,1,1,1,0,1,穿透箭之石,Data\Item\Bead.bmd,64,0,0,130,0,0,0,0,72000,0,0,1,0,0,0
12,18,-1,0,1,1,1,0,1,冰封箭之石,Data\Item\Bead.bmd,81,0,0,0,0,0,258,0,195000,0,0,2,0,0,0
12,19,-1,0,1,1,1,0,1,袭风刺之石,Data\Item\Bead.bmd,72,0,0,160,0,0,0,0,85000,0,2,0,0,0,0
12,//20,-1,0,1,1,1,0,1,__夸沥眠啊胶懦,Data\Item\Bead.bmd,0,0,0,0,0,0,0,0,0,0,0,2,0,0,0
12,21,-1,0,1,2,1,0,1,星云火链卷轴,Data\Item\Bead.bmd,74,0,0,0,20,0,0,0,115000,0,0,0,0,1,0
12,22,-1,0,1,2,1,0,1,星云召唤卷轴,Data\Item\Bead.bmd,98,0,0,0,34,0,0,400,375000,0,0,0,0,1,0
12,23,-1,0,1,2,1,0,1,致命圣印卷轴,Data\Item\Bead.bmd,82,0,0,0,25,0,0,300,220000,0,0,0,0,1,0
12,24,-1,0,1,2,1,0,1,圣极光卷轴,Data\Item\Bead.bmd,92,0,0,0,29,0,0,340,295000,0,0,0,0,1,0
12,//25,-1,0,1,2,1,0,1,技农府颇捞胶胶农费,Data\Item\Bead.bmd,105,0,0,0,37,0,0,450,450000,0,0,0,0,1,0
12,26,-1,0,1,1,1,0,1,神秘珠子,Data\Item\Bead.bmd,0,0,0,0,0,0,0,0,0,1,1,1,1,1,1
12,30,-1,0,1,1,1,0,1,祝福石组合,Data\Item\Bead.bmd,25,0,0,0,0,0,0,0,0,1,1,1,1,1,1
12,31,-1,0,1,1,1,0,1,灵魂石组合,Data\Item\Bead.bmd,30,0,0,0,0,0,0,0,0,1,1,1,1,1,1
12,32,-1,0,1,1,1,0,1,红色圣诞箱,Data\Item\Bead.bmd,0,0,0,0,0,0,0,0,0,1,1,1,1,1,1
12,33,-1,0,1,1,1,0,1,绿色圣诞箱,Data\Item\Bead.bmd,0,0,0,0,0,0,0,0,0,1,1,1,1,1,1
12,34,-1,0,1,1,1,0,1,蓝色圣诞箱,Data\Item\Bead.bmd,0,0,0,0,0,0,0,0,0,1,1,1,1,1,1
12,35,-1,0,1,2,1,0,1,火舞旋风卷轴,Data\Item\Bead.bmd,102,0,0,0,32,0,0,70,300000,0,0,0,0,1,0
12,36,7,0,4,3,1,1,0,暴风之翼,,150,60,220,400,0,0,0,0,0,0,3,0,0,0,0
12,37,7,0,4,3,1,1,0,时空之翼,,150,45,220,400,0,0,0,0,0,3,0,0,0,0,0
12,38,7,0,4,3,1,1,0,幻影之翼,,150,45,220,400,0,0,0,0,0,0,0,3,0,0,0
12,39,7,0,4,3,1,1,0,破灭之翼,,150,55,220,400,0,0,0,0,0,0,0,0,3,0,0
12,40,7,0,2,3,1,1,0,帝王披风,,150,45,220,400,0,0,0,0,0,0,0,0,0,3,0
12,41,7,0,4,2,1,0,0,灾难之翼,,100,10,200,180,0,0,0,0,0,0,0,0,0,0,1
12,42,7,0,4,3,1,1,0,绝望之翼,,150,30,200,215,0,0,0,0,0,0,0,0,0,0,2
12,43,7,0,4,3,1,1,0,次元之翼,,150,45,220,400,0,0,0,0,0,0,0,0,0,0,3
12,44,-1,0,1,1,1,0,1,破坏一击之石,Data\Item\Bead.bmd,100,0,0,220,0,0,0,0,380000,0,2,0,0,0,0
12,45,-1,0,1,1,1,0,1,五重箭之石,Data\Item\Bead.bmd,100,0,0,220,0,0,0,0,380000,0,0,2,0,0,0
12,46,-1,0,1,1,1,0,1,防护值恢复之石,Data\Item\Bead.bmd,100,0,0,220,37,0,0,0,250000,0,0,2,0,0,0
12,47,-1,0,1,1,1,0,1,火剑袭之石,Data\Item\Bead.bmd,100,0,0,220,0,0,0,0,380000,0,0,0,1,0,0
12,48,-1,0,1,2,1,0,1,黑暗之力卷轴,Data\Item\Bead.bmd,100,0,0,220,16,0,0,0,380000,0,0,0,0,1,0
12,60,-1,0,1,1,1,0,0,荧之石（火）,Data\Item\Bead.bmd,150,0,0,0,0,0,0,0,500000,1,1,1,1,1,1
12,61,-1,0,1,1,1,0,0,荧之石（水）,Data\Item\Bead.bmd,150,0,0,0,0,0,0,0,500000,1,1,1,1,1,1
12,62,-1,0,1,1,1,0,0,荧之石（冰）,Data\Item\Bead.bmd,150,0,0,0,0,0,0,0,500000,1,1,1,1,1,1
12,63,-1,0,1,1,1,0,0,荧之石（风）,Data\Item\Bead.bmd,150,0,0,0,0,0,0,0,500000,1,1,1,1,1,1
12,64,-1,0,1,1,1,0,0,荧之石（雷）,Data\Item\Bead.bmd,150,0,0,0,0,0,0,0,500000,1,1,1,1,1,1
12,65,-1,0,1,1,1,0,0,荧之石（土）,Data\Item\Bead.bmd,150,0,0,0,0,0,0,0,500000,1,1,1,1,1,1
12,70,-1,0,1,1,1,0,0,光之石（一）,Data\Item\Bead.bmd,102,0,0,0,0,0,0,0,100000,1,1,1,1,1,1
12,//71,-1,0,1,1,1,0,0,胶乔绢(叼),Data\Item\Bead.bmd,2,0,0,0,0,0,0,0,150000,1,1,1,1,1,1
12,//72,-1,0,1,1,1,0,0,胶乔绢(飘府),Data\Item\Bead.bmd,3,0,0,0,0,0,0,0,200000,1,1,1,1,1,1
12,//73,-1,0,1,1,1,0,0,胶乔绢(抛飘扼),Data\Item\Bead.bmd,4,0,0,0,0,0,0,0,250000,1,1,1,1,1,1
12,//74,-1,0,1,1,1,0,0,胶乔绢(奇鸥),Data\Item\Bead.bmd,5,0,0,0,0,0,0,0,300000,1,1,1,1,1,1
12,100,-1,0,1,1,1,0,0,荧光宝石（火）,Data\Item\Bead.bmd,1,0,0,0,0,0,0,0,1050000,1,1,1,1,1,1
12,101,-1,0,1,1,1,0,0,荧光宝石（水）,Data\Item\Bead.bmd,1,0,0,0,0,0,0,0,1050000,1,1,1,1,1,1
12,102,-1,0,1,1,1,0,0,荧光宝石（冰）,Data\Item\Bead.bmd,1,0,0,0,0,0,0,0,1050000,1,1,1,1,1,1
12,103,-1,0,1,1,1,0,0,荧光宝石（风）,Data\Item\Bead.bmd,1,0,0,0,0,0,0,0,1050000,1,1,1,1,1,1
12,104,-1,0,1,1,1,0,0,荧光宝石（雷）,Data\Item\Bead.bmd,1,0,0,0,0,0,0,0,1050000,1,1,1,1,1,1
12,105,-1,0,1,1,1,0,0,荧光宝石（土）,Data\Item\Bead.bmd,1,0,0,0,0,0,0,0,1050000,1,1,1,1,1,1
12,106,-1,0,1,1,1,0,0,荧光宝石（火）,Data\Item\Bead.bmd,2,0,0,0,0,0,0,0,1125000,1,1,1,1,1,1
12,107,-1,0,1,1,1,0,0,荧光宝石（水）,Data\Item\Bead.bmd,2,0,0,0,0,0,0,0,1125000,1,1,1,1,1,1
12,108,-1,0,1,1,1,0,0,荧光宝石（冰）,Data\Item\Bead.bmd,2,0,0,0,0,0,0,0,1125000,1,1,1,1,1,1
12,109,-1,0,1,1,1,0,0,荧光宝石（风）,Data\Item\Bead.bmd,2,0,0,0,0,0,0,0,1125000,1,1,1,1,1,1
12,110,-1,0,1,1,1,0,0,荧光宝石（雷）,Data\Item\Bead.bmd,2,0,0,0,0,0,0,0,1125000,1,1,1,1,1,1
12,111,-1,0,1,1,1,0,0,荧光宝石（土）,Data\Item\Bead.bmd,2,0,0,0,0,0,0,0,1125000,1,1,1,1,1,1
12,112,-1,0,1,1,1,0,0,荧光宝石（火）,Data\Item\Bead.bmd,3,0,0,0,0,0,0,0,1200000,1,1,1,1,1,1
12,113,-1,0,1,1,1,0,0,荧光宝石（水）,Data\Item\Bead.bmd,3,0,0,0,0,0,0,0,1200000,1,1,1,1,1,1
12,114,-1,0,1,1,1,0,0,荧光宝石（冰）,Data\Item\Bead.bmd,3,0,0,0,0,0,0,0,1200000,1,1,1,1,1,1
12,115,-1,0,1,1,1,0,0,荧光宝石（风）,Data\Item\Bead.bmd,3,0,0,0,0,0,0,0,1200000,1,1,1,1,1,1
12,116,-1,0,1,1,1,0,0,荧光宝石（雷）,Data\Item\Bead.bmd,3,0,0,0,0,0,0,0,1200000,1,1,1,1,1,1
12,117,-1,0,1,1,1,0,0,荧光宝石（土）,Data\Item\Bead.bmd,3,0,0,0,0,0,0,0,1200000,1,1,1,1,1,1
12,118,-1,0,1,1,1,0,0,荧光宝石（火）,Data\Item\Bead.bmd,4,0,0,0,0,0,0,0,1275000,1,1,1,1,1,1
12,119,-1,0,1,1,1,0,0,荧光宝石（水）,Data\Item\Bead.bmd,4,0,0,0,0,0,0,0,1275000,1,1,1,1,1,1
12,120,-1,0,1,1,1,0,0,荧光宝石（冰）,Data\Item\Bead.bmd,4,0,0,0,0,0,0,0,1275000,1,1,1,1,1,1
12,121,-1,0,1,1,1,0,0,荧光宝石（风）,Data\Item\Bead.bmd,4,0,0,0,0,0,0,0,1275000,1,1,1,1,1,1
12,122,-1,0,1,1,1,0,0,荧光宝石（雷）,Data\Item\Bead.bmd,4,0,0,0,0,0,0,0,1275000,1,1,1,1,1,1
12,123,-1,0,1,1,1,0,0,荧光宝石（土）,Data\Item\Bead.bmd,4,0,0,0,0,0,0,0,1275000,1,1,1,1,1,1
12,124,-1,0,1,1,1,0,0,荧光宝石（火）,Data\Item\Bead.bmd,5,0,0,0,0,0,0,0,1350000,1,1,1,1,1,1
12,125,-1,0,1,1,1,0,0,荧光宝石（水）,Data\Item\Bead.bmd,5,0,0,0,0,0,0,0,1350000,1,1,1,1,1,1
12,126,-1,0,1,1,1,0,0,荧光宝石（冰）,Data\Item\Bead.bmd,5,0,0,0,0,0,0,0,1350000,1,1,1,1,1,1
12,127,-1,0,1,1,1,0,0,荧光宝石（风）,Data\Item\Bead.bmd,5,0,0,0,0,0,0,0,1350000,1,1,1,1,1,1
12,128,-1,0,1,1,1,0,0,荧光宝石（雷）,Data\Item\Bead.bmd,5,0,0,0,0,0,0,0,1350000,1,1,1,1,1,1
12,129,-1,0,1,1,1,0,0,荧光宝石（土）,Data\Item\Bead.bmd,5,0,0,0,0,0,0,0,1350000,1,1,1,1,1,1
,Index,ItemSlot,SkillType,x,y,sirial,option,drop,Level,,ReqLev,ReqEng,Zen,孺付过荤,孺扁荤,夸沥,付八荤,促农肺靛,家券贱荤,,,,,,
,15,//过辑,,,,,,,,,,,,,,,,,,,,,,,
15,0,-1,0,1,2,1,0,1,毒咒术,Data\Item\Book01.bmd,30,0,100,17000,1,0,0,1,0,0,,,,,
15,1,-1,0,1,2,1,0,1,陨石术,Data\Item\Book02.bmd,21,0,100,11000,1,0,0,1,0,1,,,,,
15,2,-1,0,1,2,1,0,1,掌心雷术,Data\Item\Book03.bmd,13,0,100,3000,1,0,0,1,0,0,,,,,
15,3,-1,0,1,2,1,0,1,火球术,Data\Item\Book04.bmd,5,0,100,300,1,0,0,1,0,1,,,,,
15,4,-1,0,1,2,1,0,1,火龙术,Data\Item\Book05.bmd,35,0,100,21000,1,0,0,1,0,0,,,,,
15,5,-1,0,1,2,1,0,1,瞬间移动术,Data\Item\Book06.bmd,17,0,100,5000,1,0,0,0,0,0,,,,,
15,6,-1,0,1,2,1,0,1,冰封术,Data\Item\Book07.bmd,25,0,100,14000,1,0,0,1,0,1,,,,,
15,7,-1,0,1,2,1,0,1,龙卷风术,Data\Item\Book08.bmd,40,0,100,25000,1,0,0,1,0,0
15,8,-1,0,1,2,1,0,1,黑龙波术,Data\Item\Book09.bmd,50,0,100,35000,1,0,0,1,0,0
15,9,-1,0,1,2,1,0,1,地狱火术,Data\Item\Book10.bmd,60,0,100,60000,1,0,0,1,0,0
15,10,-1,0,1,2,1,0,1,真空波术,Data\Item\Book11.bmd,9,0,100,1150,1,0,0,1,0,1
15,11,-1,0,1,2,1,0,1,极光术,Data\Item\Book12.bmd,74,0,110,100000,1,0,0,1,0,0
15,12,-1,0,1,2,1,0,1,爆炎术,Data\Item\Book13.bmd,80,0,150,175000,1,0,0,1,0,0
15,13,-1,0,1,2,1,0,1,毁灭烈焰术,Data\Item\Book14.bmd,88,0,200,265000,1,0,0,1,0,0
15,14,-1,0,1,2,1,0,1,小挪移术,Data\Item\Book15.bmd,83,0,188,245000,2,0,0,0,0,0
15,15,-1,0,1,2,1,0,1,守护之魂术,Data\Item\Book16.bmd,77,0,126,135000,1,0,0,0,0,0
15,16,-1,0,1,2,1,0,1,单毒炎术,Data\Item\Book17.bmd,96,0,243,345000,2,0,0,0,0,0
15,17,-1,0,1,2,1,0,1,暴风雪术,Data\Item\Book18.bmd,93,0,223,315000,2,0,0,0,0,0
15,18,-1,0,1,2,1,0,1,星辰一怒术,Data\Item\Book19.bmd,100,0,258,410000,2,0,0,0,0,0
15,20,-1,0,1,2,1,0,1,摄魂咒羊皮纸,Data\Item\Blue01.bmd,35,0,93,100000,0,0,0,0,0,1
15,24,-1,0,1,2,1,0,1,昏睡羊皮纸,Data\Item\Blue01.bmd,40,0,100,135000,0,0,0,0,0,1
15,19,-1,0,1,2,1,0,1,链雷咒羊皮纸,Data\Item\Blue01.bmd,75,0,75,175000,0,0,0,0,0,1
15,22,-1,0,1,2,1,0,1,伤害反射羊皮纸,Data\Item\Blue01.bmd,80,0,111,245000,0,0,0,0,0,1
15,23,-1,0,1,2,1,0,1,狂暴术羊皮纸,Data\Item\Blue01.bmd,83,0,181,265000,0,0,0,0,0,1
15,21,-1,0,1,2,1,0,1,烈光闪羊皮纸,Data\Item\Blue01.bmd,93,0,216,315000,0,0,0,0,0,1
15,//25,-1,0,1,2,1,0,1,喉扼牢靛剧乔瘤,Data\Item\Blue01.bmd,93,0,223,345000,0,0,0,0,0,2
15,26,-1,0,1,2,1,0,1,虚弱阵羊皮纸,Data\Item\Blue01.bmd,93,0,173,410000,0,0,0,0,0,2
15,27,-1,0,1,2,1,0,1,破御阵羊皮纸,Data\Item\Blue01.bmd,111,0,201,450000,0,0,0,0,0,2
15,28,-1,0,1,2,1,0,1,魔力强化术,Data\Item\Blue01.bmd,100,220,118,425000,2,0,0,0,0,0
15,29,-1,0,1,2,1,0,1,闪电轰顶术,Data\Item\Blue01.bmd,100,220,118,380000,0,0,0,1,0,0
